"date","bikes","August","December","February","January","July","June","March","May","November","October","September","Weekend","Fr","Mon","Sat","Sun","Thur","Tues","Wed","trend","trend_sq","trend_cub","smooth_cycle1","smooth_cycle2"
2017-02-01,1201,0,0,1,0,0,0,0,0,0,0,0,0,0,0,0,0,0,0,1,1,1,1,0.0158993300619684,0.644217687237691
2017-02-02,1282,0,0,1,0,0,0,0,0,0,0,0,0,0,0,0,0,1,0,0,2,4,8,0.0317946406989842,0.98544972998846
2017-02-03,408,0,0,1,0,0,0,0,0,0,0,0,0,1,0,0,0,0,0,0,3,9,27,0.047681913502224,0.863209366648874
2017-02-04,259,0,0,1,0,0,0,0,0,0,0,0,1,0,0,1,0,0,0,0,4,16,64,0.0635571320948666,0.334988150155905
2017-02-05,380,0,0,1,0,0,0,0,0,0,0,0,1,0,0,0,1,0,0,0,5,25,125,0.0794162831474515,-0.35078322768962
2017-02-06,180,0,0,1,0,0,0,0,0,0,0,0,0,0,1,0,0,0,0,0,6,36,216,0.0952553573924674,-0.871575772413588
2017-02-07,174,0,0,1,0,0,0,0,0,0,0,0,0,0,0,0,0,0,1,0,7,49,343,0.111070350637914,-0.982452612624333
2017-02-08,150,0,0,1,0,0,0,0,0,0,0,0,0,0,0,0,0,0,0,1,8,64,512,0.126857264779579,-0.631266637872322
2017-02-09,199,0,0,1,0,0,0,0,0,0,0,0,0,0,0,0,0,1,0,0,9,81,729,0.142612108811782,0.0168139004843497
2017-02-10,537,0,0,1,0,0,0,0,0,0,0,0,0,1,0,0,0,0,0,0,10,100,1000,0.158330899836312,0.656986598718789
2017-02-11,651,0,0,1,0,0,0,0,0,0,0,0,1,0,0,1,0,0,0,0,11,121,1331,0.174009664069329,0.988168233877
2017-02-12,848,0,0,1,0,0,0,0,0,0,0,0,1,0,0,0,1,0,0,0,12,144,1728,0.189644437845954,0.854598908088281
2017-02-13,1078,0,0,1,0,0,0,0,0,0,0,0,0,0,1,0,0,0,0,0,13,169,2197,0.205231268622298,0.319098362349352
2017-02-14,1251,0,0,1,0,0,0,0,0,0,0,0,0,0,0,0,0,0,1,0,14,196,2744,0.22076621597469,-0.366479129251927
2017-02-15,1073,0,0,1,0,0,0,0,0,0,0,0,0,0,0,0,0,0,0,1,15,225,3375,0.23624535259583,-0.87969575997167
2017-02-16,1324,0,0,1,0,0,0,0,0,0,0,0,0,0,0,0,0,1,0,0,16,256,4096,0.251664765287629,-0.979177729151317
2017-02-17,1372,0,0,1,0,0,0,0,0,0,0,0,0,1,0,0,0,0,0,0,17,289,4913,0.267020555950489,-0.618137112237035
2017-02-18,592,0,0,1,0,0,0,0,0,0,0,0,1,0,0,1,0,0,0,0,18,324,5832,0.28230884256876,0.0336230472211367
2017-02-19,743,0,0,1,0,0,0,0,0,0,0,0,1,0,0,0,1,0,0,0,19,361,6859,0.297525760192126,0.669569762196601
2017-02-20,1356,0,0,1,0,0,0,0,0,0,0,0,0,0,1,0,0,0,0,0,20,400,8000,0.312667461912688,0.99060735569487
2017-02-21,1721,0,0,1,0,0,0,0,0,0,0,0,0,0,0,0,0,0,1,0,21,441,9261,0.327730119837481,0.845746831142934
2017-02-22,1456,0,0,1,0,0,0,0,0,0,0,0,0,0,0,0,0,0,0,1,22,484,10648,0.342709926056178,0.303118356745704
2017-02-23,1412,0,0,1,0,0,0,0,0,0,0,0,0,0,0,0,0,1,0,0,23,529,12167,0.357603093603752,-0.382071417184006
2017-02-24,1044,0,0,1,0,0,0,0,0,0,0,0,0,1,0,0,0,0,0,0,24,576,13824,0.372405857417837,-0.887567033581503
2017-02-25,706,0,0,1,0,0,0,0,0,0,0,0,1,0,0,1,0,0,0,0,25,625,15625,0.387114475290553,-0.975626005468158
2017-02-26,495,0,0,1,0,0,0,0,0,0,0,0,1,0,0,0,1,0,0,0,26,676,17576,0.401725228814554,-0.604832822406284
2017-02-27,831,0,0,1,0,0,0,0,0,0,0,0,0,0,1,0,0,0,0,0,27,729,19683,0.416234424323058,0.0504226878068112
2017-02-28,947,0,0,1,0,0,0,0,0,0,0,0,0,0,0,0,0,0,1,0,28,784,21952,0.430638393823627,0.681963620068133
2017-03-01,1223,0,0,0,0,0,0,1,0,0,0,0,0,0,0,0,0,0,0,1,29,841,24389,0.444933495925446,0.992766405835907
2017-03-02,1274,0,0,0,0,0,0,1,0,0,0,0,0,0,0,0,0,1,0,0,30,900,27000,0.459116116759889,0.836655638536056
2017-03-03,963,0,0,0,0,0,0,1,0,0,0,0,0,1,0,0,0,0,0,0,31,961,29791,0.47318267089412,0.287052651327728
2017-03-04,753,0,0,0,0,0,0,1,0,0,0,0,1,0,0,1,0,0,0,0,32,1024,32768,0.487129602237507,-0.397555683121433
2017-03-05,436,0,0,0,0,0,0,1,0,0,0,0,1,0,0,0,1,0,0,0,33,1089,35937,0.50095338494062,-0.89518736781968
2017-03-06,1005,0,0,0,0,0,0,1,0,0,0,0,0,0,1,0,0,0,0,0,34,1156,39304,0.514650524286578,-0.971798445743864
2017-03-07,1109,0,0,0,0,0,0,1,0,0,0,0,0,0,0,0,0,0,1,0,35,1225,42875,0.528217557574536,-0.591357529865124
2017-03-08,1164,0,0,0,0,0,0,1,0,0,0,0,0,0,0,0,0,0,0,1,36,1296,46656,0.541651054995065,0.0672080725254749
2017-03-09,1012,0,0,0,0,0,0,1,0,0,0,0,0,0,0,0,0,1,0,0,37,1369,50653,0.554947620497231,0.694164668252242
2017-03-10,1299,0,0,0,0,0,0,1,0,0,0,0,0,1,0,0,0,0,0,0,38,1444,54872,0.568103892647126,0.994644773877838
2017-03-11,437,0,0,0,0,0,0,1,0,0,0,0,1,0,0,1,0,0,0,0,39,1521,59319,0.58111654547766,0.827327900595381
2017-03-12,628,0,0,0,0,0,0,1,0,0,0,0,1,0,0,0,1,0,0,0,40,1600,64000,0.593982289329375,0.270905788307869
2017-03-13,1088,0,0,0,0,0,0,1,0,0,0,0,0,0,1,0,0,0,0,0,41,1681,68921,0.606697871682093,-0.41292754924054
2017-03-14,1495,0,0,0,0,0,0,1,0,0,0,0,0,0,0,0,0,0,1,0,42,1764,74088,0.619260077977161,-0.902554608210185
2017-03-15,1519,0,0,0,0,0,0,1,0,0,0,0,0,0,0,0,0,0,0,1,43,1849,79507,0.631665732430114,-0.967696132133806
2017-03-16,1581,0,0,0,0,0,0,1,0,0,0,0,0,0,0,0,0,1,0,0,44,1936,85184,0.643911698833521,-0.577715044445735
2017-03-17,1197,0,0,0,0,0,0,1,0,0,0,0,0,1,0,0,0,0,0,0,45,2025,91125,0.65599488134984,0.0839744556917433
2017-03-18,844,0,0,0,0,0,0,1,0,0,0,0,1,0,0,1,0,0,0,0,46,2116,97336,0.667912225294052,0.706169457180329
2017-03-19,1285,0,0,0,0,0,0,1,0,0,0,0,1,0,0,0,1,0,0,0,47,2209,103823,0.679660717905908,0.996241928754864
2017-03-20,1421,0,0,0,0,0,0,1,0,0,0,0,0,0,1,0,0,0,0,0,48,2304,110592,0.691237389111564,0.817766254526446
2017-03-21,1303,0,0,0,0,0,0,1,0,0,0,0,0,0,0,0,0,0,1,0,49,2401,117649,0.70263931227443,0.254682332844035
2017-03-22,1499,0,0,0,0,0,0,1,0,0,0,0,0,0,0,0,0,0,0,1,50,2500,125000,0.713863604935037,-0.428182669496151
2017-03-23,1487,0,0,0,0,0,0,1,0,0,0,0,0,0,0,0,0,1,0,0,51,2601,132651,0.724907429539739,-0.909666671833525
2017-03-24,1363,0,0,0,0,0,0,1,0,0,0,0,0,1,0,0,0,0,0,0,52,2704,140608,0.735767994158058,-0.963320224473761
2017-03-25,1230,0,0,0,0,0,0,1,0,0,0,0,1,0,0,1,0,0,0,0,53,2809,148877,0.746442553188497,-0.563909223250268
2017-03-26,419,0,0,0,0,0,0,1,0,0,0,0,1,0,0,0,1,0,0,0,54,2916,157464,0.756928408052638,0.100717096992501
2017-03-27,1588,0,0,0,0,0,0,1,0,0,0,0,0,0,1,0,0,0,0,0,55,3025,166375,0.767222907877364,0.717974592771644
2017-03-28,934,0,0,0,0,0,0,1,0,0,0,0,0,0,0,0,0,0,1,0,56,3136,175616,0.777323450165001,0.997557418907805
2017-03-29,1259,0,0,0,0,0,0,1,0,0,0,0,0,0,0,0,0,0,0,1,57,3249,185193,0.787227481451249,0.807973403666985
2017-03-30,1925,0,0,0,0,0,0,1,0,0,0,0,0,0,0,0,0,1,0,0,58,3364,195112,0.796932497950709,0.238386871748899
2017-03-31,1634,0,0,0,0,0,0,1,0,0,0,0,0,1,0,0,0,0,0,0,59,3481,205379,0.806436046189848,-0.443316730850321
2017-04-01,1029,0,0,0,0,0,0,0,0,0,0,0,1,0,0,1,0,0,0,0,60,3600,216000,0.815735723627253,-0.916521547915634
2017-04-02,1328,0,0,0,0,0,0,0,0,0,0,0,1,0,0,0,1,0,0,0,61,3721,226981,0.824829179261,-0.958671959951995
2017-04-03,2020,0,0,0,0,0,0,0,0,0,0,0,0,0,1,0,0,0,0,0,62,3844,238328,0.833714114223002,-0.549943969560348
2017-04-04,1781,0,0,0,0,0,0,0,0,0,0,0,0,0,0,0,0,0,1,0,63,3969,250047,0.842388282360175,0.117431262827089
2017-04-05,1366,0,0,0,0,0,0,0,0,0,0,0,0,0,0,0,0,0,0,1,64,4096,262144,0.850849490802269,0.729576737392853
2017-04-06,1696,0,0,0,0,0,0,0,0,0,0,0,0,0,0,0,0,1,0,0,65,4225,274625,0.859095600516242,0.99859087241177
2017-04-07,1184,0,0,0,0,0,0,0,0,0,0,0,0,1,0,0,0,0,0,0,66,4356,287496,0.867124526847019,0.797952116722635
2017-04-08,788,0,0,0,0,0,0,0,0,0,0,0,1,0,0,1,0,0,0,0,67,4489,300763,0.874934240044493,0.222024012193082
2017-04-09,1211,0,0,0,0,0,0,0,0,0,0,0,1,0,0,0,1,0,0,0,68,4624,314432,0.882522765776669,-0.45832545449176
2017-04-10,1780,0,0,0,0,0,0,0,0,0,0,0,0,0,1,0,0,0,0,0,69,4761,328509,0.88988818562877,-0.923117298396357
2017-04-11,2111,0,0,0,0,0,0,0,0,0,0,0,0,0,0,0,0,0,1,0,70,4900,343000,0.897028637588234,-0.953752652759472
2017-04-12,1270,0,0,0,0,0,0,0,0,0,0,0,0,0,0,0,0,0,0,1,71,5041,357911,0.903942316515431,-0.535823231733521
2017-04-13,1633,0,0,0,0,0,0,0,0,0,0,0,0,0,0,0,0,1,0,0,72,5184,373248,0.910627474600013,0.134112227645657
2017-04-14,1337,0,0,0,0,0,0,0,0,0,0,0,0,1,0,0,0,0,0,0,73,5329,389017,0.91708242180277,0.740972610801715
2017-04-15,1292,0,0,0,0,0,0,0,0,0,0,0,1,0,0,1,0,0,0,0,74,5476,405224,0.92330552628288,0.99934199708131
2017-04-16,1377,0,0,0,0,0,0,0,0,0,0,0,1,0,0,0,1,0,0,0,75,5625,421875,0.929295214810443,0.787705226984118
2017-04-17,1377,0,0,0,0,0,0,0,0,0,0,0,0,0,1,0,0,0,0,0,76,5776,438976,0.935049973164203,0.205598380402608
2017-04-18,1926,0,0,0,0,0,0,0,0,0,0,0,0,0,0,0,0,0,1,0,77,5929,456533,0.940568346514352,-0.473204597045565
2017-04-19,1815,0,0,0,0,0,0,0,0,0,0,0,0,0,0,0,0,0,0,1,78,6084,474552,0.945848939790314,-0.929452058477413
2017-04-20,1979,0,0,0,0,0,0,0,0,0,0,0,0,0,0,0,0,1,0,0,79,6241,493039,0.950890418033427,-0.948563693718308
2017-04-21,2150,0,0,0,0,0,0,0,0,0,0,0,0,1,0,0,0,0,0,0,80,6400,512000,0.955691506734427,-0.521551002086912
2017-04-22,947,0,0,0,0,0,0,0,0,0,0,0,1,0,0,1,0,0,0,0,81,6561,531441,0.960250992155652,0.150755275285162
2017-04-23,1087,0,0,0,0,0,0,0,0,0,0,0,1,0,0,0,1,0,0,0,82,6724,551368,0.964567721637875,0.752158991074474
2017-04-24,2099,0,0,0,0,0,0,0,0,0,0,0,0,0,1,0,0,0,0,0,83,6889,571787,0.968640603891707,0.999810580553025
2017-04-25,1937,0,0,0,0,0,0,0,0,0,0,0,0,0,0,0,0,0,1,0,84,7056,592704,0.972468609273478,0.777235631526227
2017-04-26,1963,0,0,0,0,0,0,0,0,0,0,0,0,0,0,0,0,0,0,1,85,7225,614125,0.976050770045536,0.189114620350898
2017-04-27,1917,0,0,0,0,0,0,0,0,0,0,0,0,0,0,0,0,1,0,0,86,7396,636056,0.979386180620893,-0.487949951772918
2017-04-28,2071,0,0,0,0,0,0,0,0,0,0,0,0,1,0,0,0,0,0,0,87,7569,658503,0.982473997792168,-0.935524037149615
2017-04-29,702,0,0,0,0,0,0,0,0,0,0,0,1,0,0,1,0,0,0,0,88,7744,681472,0.985313440944747,-0.943106549888534
2017-04-30,1473,0,0,0,0,0,0,0,0,0,0,0,1,0,0,0,1,0,0,0,89,7921,704969,0.987903792254129,-0.507131315768532
2017-05-01,1626,0,0,0,0,0,0,0,1,0,0,0,0,0,1,0,0,0,0,0,90,8100,729000,0.990244396867397,0.1673557003028
2017-05-02,2303,0,0,0,0,0,0,0,1,0,0,0,0,0,0,0,0,0,1,0,91,8281,753571,0.992334663068764,0.763132715516779
2017-05-03,1855,0,0,0,0,0,0,0,1,0,0,0,0,0,0,0,0,0,0,1,92,8464,778688,0.994174062429164,0.999996490345607
2017-05-04,2757,0,0,0,0,0,0,0,1,0,0,0,0,0,0,0,0,1,0,0,93,8649,804357,0.995762129939842,0.766546290388713
2017-05-05,1643,0,0,0,0,0,0,0,1,0,0,0,0,1,0,0,0,0,0,0,94,8836,830584,0.997098464129909,0.172577392445818
2017-05-06,1515,0,0,0,0,0,0,0,1,0,0,0,1,0,0,1,0,0,0,0,95,9025,857375,0.998182727167836,-0.502557349760487
2017-05-07,1816,0,0,0,0,0,0,0,1,0,0,0,1,0,0,0,1,0,0,0,96,9216,884736,0.999014644946858,-0.941331517699225
2017-05-08,2275,0,0,0,0,0,0,0,1,0,0,0,0,0,1,0,0,0,0,0,97,9409,912673,0.999594007154272,-0.937382764153326
2017-05-09,2616,0,0,0,0,0,0,0,1,0,0,0,0,0,0,0,0,0,1,0,98,9604,941192,0.999920667324606,-0.492568249616391
2017-05-10,2381,0,0,0,0,0,0,0,1,0,0,0,0,0,0,0,0,0,0,1,99,9801,970299,0.99999454287664,0.183908809306343
2017-05-11,1582,0,0,0,0,0,0,0,1,0,0,0,0,0,0,0,0,1,0,0,100,10000,1e+06,0.999815615134291,0.773890681557889
2017-05-12,1990,0,0,0,0,0,0,0,1,0,0,0,0,1,0,0,0,0,0,0,101,10201,1030301,0.999383929331327,0.999899673897293
2017-05-13,1221,0,0,0,0,0,0,0,1,0,0,0,1,0,0,1,0,0,0,0,102,10404,1061208,0.998699594599938,0.755640225739421
2017-05-14,1166,0,0,0,0,0,0,0,1,0,0,0,1,0,0,0,1,0,0,0,103,10609,1092727,0.997762783943141,0.155991372212071
2017-05-15,1486,0,0,0,0,0,0,0,1,0,0,0,0,0,1,0,0,0,0,0,104,10816,1124864,0.99657373419105,-0.517022661099043
2017-05-16,2155,0,0,0,0,0,0,0,1,0,0,0,0,0,0,0,0,0,1,0,105,11025,1157625,0.995132745941,-0.946872858193348
2017-05-17,2387,0,0,0,0,0,0,0,1,0,0,0,0,0,0,0,0,0,0,1,106,11236,1191016,0.993440183481555,-0.931393954782788
2017-05-18,2351,0,0,0,0,0,0,0,1,0,0,0,0,0,0,0,0,1,0,0,107,11449,1225043,0.991496474700416,-0.477865921005889
2017-05-19,2242,0,0,0,0,0,0,0,1,0,0,0,0,1,0,0,0,0,0,0,108,11664,1259712,0.989302110976248,0.200409922281068
2017-05-20,2052,0,0,0,0,0,0,0,1,0,0,0,1,0,0,1,0,0,0,0,109,11881,1295029,0.986857647054456,0.784429847627822
2017-05-21,2033,0,0,0,0,0,0,0,1,0,0,0,1,0,0,0,1,0,0,0,110,12100,1331000,0.984163700906946,0.999520158580731
2017-05-22,2290,0,0,0,0,0,0,0,1,0,0,0,0,0,1,0,0,0,0,0,111,12321,1367631,0.981220953575895,0.744520521019834
2017-05-23,2390,0,0,0,0,0,0,0,1,0,0,0,0,0,0,0,0,0,1,0,112,12544,1404928,0.978030149001582,0.13936124896926
2017-05-24,2413,0,0,0,0,0,0,0,1,0,0,0,0,0,0,0,0,0,0,1,113,12769,1442897,0.974592093834318,-0.531341796051141
2017-05-25,2803,0,0,0,0,0,0,0,1,0,0,0,0,0,0,0,0,1,0,0,114,12996,1481544,0.970907657230518,-0.952146491944105
2017-05-26,2623,0,0,0,0,0,0,0,1,0,0,0,0,1,0,0,0,0,0,0,115,13225,1520875,0.966977770632977,-0.925141814976418
2017-05-27,2121,0,0,0,0,0,0,0,1,0,0,0,1,0,0,1,0,0,0,0,116,13456,1560896,0.962803427535395,-0.463028486685715
2017-05-28,2262,0,0,0,0,0,0,0,1,0,0,0,1,0,0,0,1,0,0,0,117,13689,1601613,0.958385683231217,0.216854373912967
2017-05-29,3869,0,0,0,0,0,0,0,1,0,0,0,0,0,1,0,0,0,0,0,118,13924,1643032,0.953725654546852,0.794747234017319
2017-05-30,1960,0,0,0,0,0,0,0,1,0,0,0,0,0,0,0,0,0,1,0,119,14161,1685159,0.948824519559332,0.998858051695237
2017-05-31,2804,0,0,0,0,0,0,0,1,0,0,0,0,0,0,0,0,0,0,1,120,14400,1728000,0.94368351729849,0.733190320073292
2017-06-01,2672,0,0,0,0,0,1,0,0,0,0,0,0,0,0,0,0,1,0,0,121,14641,1771561,0.938303947433726,0.122691724506117
2017-06-02,2508,0,0,0,0,0,1,0,0,0,0,0,0,1,0,0,0,0,0,0,122,14884,1815848,0.932687169945447,-0.545510706207374
2017-06-03,1725,0,0,0,0,0,1,0,0,0,0,0,1,0,0,1,0,0,0,0,123,15129,1860867,0.926834604781253,-0.957150927951622
2017-06-04,2250,0,0,0,0,0,1,0,0,0,0,0,1,0,0,0,1,0,0,0,124,15376,1906624,0.920747731496974,-0.918628112384416
2017-06-05,2948,0,0,0,0,0,1,0,0,0,0,0,0,0,1,0,0,0,0,0,125,15625,1953125,0.914428088882624,-0.448060141602609
2017-06-06,3219,0,0,0,0,0,1,0,0,0,0,0,0,0,0,0,0,0,1,0,126,15876,2000376,0.907877274573395,0.233237514907729
2017-06-07,2954,0,0,0,0,0,1,0,0,0,0,0,0,0,0,0,0,0,0,1,127,16129,2048383,0.901096944645763,0.804839923720273
2017-06-08,1343,0,0,0,0,0,1,0,0,0,0,0,0,0,0,0,0,1,0,0,128,16384,2097152,0.894088813198824,0.997913540436457
2017-06-09,2448,0,0,0,0,0,1,0,0,0,0,0,0,1,0,0,0,0,0,0,129,16641,2146689,0.886854651920963,0.721652826256178
2017-06-10,1518,0,0,0,0,0,1,0,0,0,0,0,1,0,0,1,0,0,0,0,130,16900,2197000,0.879396289641965,0.105987511751157
2017-06-11,2022,0,0,0,0,0,1,0,0,0,0,0,1,0,0,0,1,0,0,0,131,17161,2248091,0.871715611870674,-0.559525385630976
2017-06-12,2665,0,0,0,0,0,1,0,0,0,0,0,0,0,1,0,0,0,0,0,132,17424,2299968,0.863814560318328,-0.961884751325555
2017-06-13,2685,0,0,0,0,0,1,0,0,0,0,0,0,0,0,0,0,0,1,0,133,17689,2352637,0.855695132407691,-0.911854688607887
2017-06-14,2485,0,0,0,0,0,1,0,0,0,0,0,0,0,0,0,0,0,0,1,134,17956,2406104,0.847359380768088,-0.432965117715387
2017-06-15,1333,0,0,0,0,0,1,0,0,0,0,0,0,0,0,0,0,1,0,0,135,18225,2460375,0.838809412716494,0.249554713305244
2017-06-16,2434,0,0,0,0,0,1,0,0,0,0,0,0,1,0,0,0,0,0,0,136,18496,2515456,0.830047389724794,0.81470506325845
2017-06-17,1530,0,0,0,0,0,1,0,0,0,0,0,1,0,0,1,0,0,0,0,137,18769,2571353,0.821075526873356,0.996686891843447
2017-06-18,982,0,0,0,0,0,1,0,0,0,0,0,1,0,0,0,1,0,0,0,138,19044,2628072,0.811896092291042,0.709911301532188
2017-06-19,2428,0,0,0,0,0,1,0,0,0,0,0,0,0,1,0,0,0,0,0,139,19321,2685619,0.802511406581818,0.0892533334402632
2017-06-20,2844,0,0,0,0,0,1,0,0,0,0,0,0,0,0,0,0,0,1,0,140,19600,2744000,0.792923842238096,-0.573381871990423
2017-06-21,3011,0,0,0,0,0,1,0,0,0,0,0,0,0,0,0,0,0,0,1,141,19881,2803221,0.783135823040954,-0.966346623685117
2017-06-22,3127,0,0,0,0,0,1,0,0,0,0,0,0,0,0,0,0,1,0,0,142,20164,2863288,0.773149823447393,-0.904823458678195
2017-06-23,2784,0,0,0,0,0,1,0,0,0,0,0,0,1,0,0,0,0,0,0,143,20449,2924207,0.762968367964786,-0.417747682798374
2017-06-24,2202,0,0,0,0,0,1,0,0,0,0,0,1,0,0,1,0,0,0,0,144,20736,2985984,0.752594030512666,0.265801355789127
2017-06-25,1982,0,0,0,0,0,1,0,0,0,0,0,1,0,0,0,1,0,0,0,145,21025,3048625,0.74202943377203,0.82433986348825
2017-06-26,2976,0,0,0,0,0,1,0,0,0,0,0,0,0,1,0,0,0,0,0,146,21316,3112136,0.731277248522313,0.995178452723171
2017-06-27,3039,0,0,0,0,0,1,0,0,0,0,0,0,0,0,0,0,0,1,0,147,21609,3176523,0.720340192966202,0.69796906555012
2017-06-28,3023,0,0,0,0,0,1,0,0,0,0,0,0,0,0,0,0,0,0,1,148,21904,3241792,0.709221032042459,0.0724939207813549
2017-06-29,2949,0,0,0,0,0,1,0,0,0,0,0,0,0,0,0,0,1,0,0,149,22201,3307949,0.697922576726939,-0.58707624767964
2017-06-30,2959,0,0,0,0,0,1,0,0,0,0,0,0,1,0,0,0,0,0,0,150,22500,3375000,0.686447683321953,-0.970535283537485
2017-07-01,3222,0,0,0,0,1,0,0,0,0,0,0,1,0,0,1,0,0,0,0,151,22801,3442951,0.674799252734188,-0.897536410515525
2017-07-02,2082,0,0,0,0,1,0,0,0,0,0,0,1,0,0,0,1,0,0,0,152,23104,3511808,0.662980229741339,-0.40241213923484
2017-07-03,2049,0,0,0,0,1,0,0,0,0,0,0,0,0,1,0,0,0,0,0,153,23409,3581577,0.650993602247662,0.281972848991116
2017-07-04,2898,0,0,0,0,1,0,0,0,0,0,0,0,0,0,0,0,0,1,0,154,23716,3652264,0.638842400528611,0.833741600389246
2017-07-05,3186,0,0,0,0,1,0,0,0,0,0,0,0,0,0,0,0,0,0,1,155,24025,3723875,0.626529696464777,0.993388649552443
2017-07-06,3154,0,0,0,0,1,0,0,0,0,0,0,0,0,0,0,0,1,0,0,156,24336,3796416,0.614058602765296,0.68582949470531
2017-07-07,2575,0,0,0,0,1,0,0,0,0,0,0,0,1,0,0,0,0,0,0,157,24649,3869893,0.601432272180944,0.0557140121168025
2017-07-08,2133,0,0,0,0,1,0,0,0,0,0,0,1,0,0,1,0,0,0,0,158,24964,3944312,0.588653896707108,-0.600604640925691
2017-07-09,2007,0,0,0,0,1,0,0,0,0,0,0,1,0,0,0,1,0,0,0,159,25281,4019679,0.575726706776833,-0.974449546634441
2017-07-10,2731,0,0,0,0,1,0,0,0,0,0,0,0,0,1,0,0,0,0,0,160,25600,4096000,0.562653970444157,-0.889995604366833
2017-07-11,3179,0,0,0,0,1,0,0,0,0,0,0,0,0,0,0,0,0,1,0,161,25921,4173281,0.549438992557923,-0.386962822800587
2017-07-12,3186,0,0,0,0,1,0,0,0,0,0,0,0,0,0,0,0,0,0,1,162,26244,4251528,0.53608511392631,0.29806462078968
2017-07-13,2754,0,0,0,0,1,0,0,0,0,0,0,0,0,0,0,0,1,0,0,163,26569,4330747,0.52259571047225,0.842907615834386
2017-07-14,2863,0,0,0,0,1,0,0,0,0,0,0,0,1,0,0,0,0,0,0,164,26896,4410944,0.508974192379986,0.991317988357368
2017-07-15,2161,0,0,0,0,1,0,0,0,0,0,0,1,0,0,1,0,0,0,0,165,27225,4492125,0.495224003232959,0.673496021185037
2017-07-16,2277,0,0,0,0,1,0,0,0,0,0,0,1,0,0,0,1,0,0,0,166,27556,4574296,0.481348619143251,0.0389183515837554
2017-07-17,2816,0,0,0,0,1,0,0,0,0,0,0,0,0,1,0,0,0,0,0,167,27889,4657463,0.467351547872816,-0.613963226883385
2017-07-18,3139,0,0,0,0,1,0,0,0,0,0,0,0,0,0,0,0,0,1,0,168,28224,4741632,0.45323632794669,-0.978088306307214
2017-07-19,3082,0,0,0,0,1,0,0,0,0,0,0,0,0,0,0,0,0,0,1,169,28561,4826809,0.439006527758447,-0.882203172223393
2017-07-20,2521,0,0,0,0,1,0,0,0,0,0,0,0,0,0,0,0,1,0,0,170,28900,4913000,0.424665744668083,-0.371404101438103
2017-07-21,2344,0,0,0,0,1,0,0,0,0,0,0,0,1,0,0,0,0,0,0,171,29241,5000211,0.410217604092592,0.314072121602702
2017-07-22,1672,0,0,0,0,1,0,0,0,0,0,0,1,0,0,1,0,0,0,0,172,29584,5088448,0.395665758589441,0.851835318341484
2017-07-23,2023,0,0,0,0,1,0,0,0,0,0,0,1,0,0,0,1,0,0,0,173,29929,5177717,0.381013886933189,0.988967054570252
2017-07-24,2960,0,0,0,0,1,0,0,0,0,0,0,0,0,1,0,0,0,0,0,174,30276,5268024,0.366265693185473,0.660972131998132
2017-07-25,3122,0,0,0,0,1,0,0,0,0,0,0,0,0,0,0,0,0,1,0,175,30625,5359375,0.351424905758604,0.0221116877728456
2017-07-26,2967,0,0,0,0,1,0,0,0,0,0,0,0,0,0,0,0,0,0,1,176,30976,5451776,0.33649527647301,-0.627148228716673
2017-07-27,2874,0,0,0,0,1,0,0,0,0,0,0,0,0,0,0,0,1,0,0,177,31329,5545233,0.321480579608755,-0.981450533779349
2017-07-28,2751,0,0,0,0,1,0,0,0,0,0,0,0,1,0,0,0,0,0,0,178,31684,5639752,0.306384610951384,-0.874161317217976
2017-07-29,1942,0,0,0,0,1,0,0,0,0,0,0,1,0,0,1,0,0,0,0,179,32041,5735339,0.291211186832332,-0.355740374021619
2017-07-30,2154,0,0,0,0,1,0,0,0,0,0,0,1,0,0,0,1,0,0,0,180,32400,5832000,0.275964143164137,0.329990825673769
2017-07-31,2825,0,0,0,0,1,0,0,0,0,0,0,0,0,1,0,0,0,0,0,181,32761,5929741,0.260647334470701,0.860522183805911
2017-08-01,2928,1,0,0,0,0,0,0,0,0,0,0,0,0,0,0,0,0,1,0,182,33124,6028568,0.245264632912853,0.986336512864103
2017-08-02,2886,1,0,0,0,0,0,0,0,0,0,0,0,0,0,0,0,0,0,1,183,33489,6128487,0.229819927309446,0.648261367989156
2017-08-03,2640,1,0,0,0,0,0,0,0,0,0,0,0,0,0,0,0,1,0,0,184,33856,6229504,0.214317122154243,0.00529877238563106
2017-08-04,2396,1,0,0,0,0,0,0,0,0,0,0,0,1,0,0,0,0,0,0,185,34225,6331625,0.198760136628848,-0.640155918666481
2017-08-05,1747,1,0,0,0,0,0,0,0,0,0,0,1,0,0,1,0,0,0,0,186,34596,6434856,0.183152903611913,-0.984535278457576
2017-08-06,2027,1,0,0,0,0,0,0,0,0,0,0,1,0,0,0,1,0,0,0,187,34969,6539203,0.167499368684895,-0.865872313001991
2017-08-07,1934,1,0,0,0,0,0,0,0,0,0,0,0,0,1,0,0,0,0,0,188,35344,6644672,0.151803489134586,-0.339976069113475
2017-08-08,2688,1,0,0,0,0,0,0,0,0,0,0,0,0,0,0,0,0,1,0,189,35721,6751269,0.136069232952699,0.345816232351721
2017-08-09,2909,1,0,0,0,0,0,0,0,0,0,0,0,0,0,0,0,0,0,1,190,36100,6859000,0.120300577832737,0.868965756214236
2017-08-10,2780,1,0,0,0,0,0,0,0,0,0,0,0,0,0,0,0,1,0,0,191,36481,6967871,0.104501510164419,0.983427106964696
2017-08-11,2550,1,0,0,0,0,0,0,0,0,0,0,0,1,0,0,0,0,0,0,192,36864,7077888,0.0886760240258932,0.635367322837249
2017-08-12,1593,1,0,0,0,0,0,0,0,0,0,0,1,0,0,1,0,0,0,0,193,37249,7189057,0.0728281201740254,-0.0115156411088535
2017-08-13,1398,1,0,0,0,0,0,0,0,0,0,0,1,0,0,0,1,0,0,0,194,37636,7301384,0.0569618050329811,-0.652982619104584
2017-08-14,2576,1,0,0,0,0,0,0,0,0,0,0,0,0,1,0,0,0,0,0,195,38025,7414875,0.0410810896813863,-0.987341668200569
2017-08-15,3051,1,0,0,0,0,0,0,0,0,0,0,0,0,0,0,0,0,1,0,196,38416,7529536,0.0251899888383087,-0.857338503102686
2017-08-16,2698,1,0,0,0,0,0,0,0,0,0,0,0,0,0,0,0,0,0,1,197,38809,7645373,0.009292519848315,-0.324115643711979
2017-08-17,2830,1,0,0,0,0,0,0,0,0,0,0,0,0,0,0,0,1,0,0,198,39204,7762392,-0.00660729833412883,0.361543867363128
2017-08-18,2439,1,0,0,0,0,0,0,0,0,0,0,0,1,0,0,0,0,0,0,199,39601,7880599,-0.0225054461606719,0.877163648338573
2017-08-19,1913,1,0,0,0,0,0,0,0,0,0,0,1,0,0,1,0,0,0,0,200,40000,8e+06,-0.0383979045052354,0.980239659440312
2017-08-20,1963,1,0,0,0,0,0,0,0,0,0,0,1,0,0,0,1,0,0,0,201,40401,8120601,-0.0542806556800697,0.622293642040087
2017-08-21,2640,1,0,0,0,0,0,0,0,0,0,0,0,0,1,0,0,0,0,0,202,40804,8242408,-0.0701496844514415,-0.0283267988179607
2017-08-22,2921,1,0,0,0,0,0,0,0,0,0,0,0,0,0,0,0,0,1,0,203,41209,8365427,-0.0860009790547064,-0.665624703573502
2017-08-23,2751,1,0,0,0,0,0,0,0,0,0,0,0,0,0,0,0,0,0,1,204,41616,8489664,-0.101830532208501,-0.989868909565514
2017-08-24,2684,1,0,0,0,0,0,0,0,0,0,0,0,0,0,0,0,1,0,0,205,42025,8615125,-0.117634342127799,-0.848562300260496
2017-08-25,2561,1,0,0,0,0,0,0,0,0,0,0,0,1,0,0,0,0,0,0,206,42436,8741816,-0.133408413535589,-0.308163581991283
2017-08-26,1813,1,0,0,0,0,0,0,0,0,0,0,1,0,0,1,0,0,0,0,207,42849,8869743,-0.14914875867289,0.37716928407722
2017-08-27,1954,1,0,0,0,0,0,0,0,0,0,0,1,0,0,0,1,0,0,0,208,43264,8998912,-0.164851398306882,0.885113542411593
2017-08-28,2806,1,0,0,0,0,0,0,0,0,0,0,0,0,1,0,0,0,0,0,209,43681,9129329,-0.18051236273687,0.976775071469175
2017-08-29,3022,1,0,0,0,0,0,0,0,0,0,0,0,0,0,0,0,0,1,0,210,44100,9261000,-0.19612769279785,0.609044021883292
2017-08-30,2664,1,0,0,0,0,0,0,0,0,0,0,0,0,0,0,0,0,0,1,211,44521,9393931,-0.211693440861395,-0.045129947769642
2017-08-31,2896,1,0,0,0,0,0,0,0,0,0,0,0,0,0,0,0,1,0,0,212,44944,9528128,-0.227205671833642,-0.678078597811628
2017-09-01,2629,0,0,0,0,0,0,0,0,0,0,1,0,1,0,0,0,0,0,0,213,45369,9663597,-0.242660464150097,-0.992116288032461
2017-09-02,1979,0,0,0,0,0,0,0,0,0,0,1,1,0,0,1,0,0,0,0,214,45796,9800344,-0.258053910767026,-0.839546185746995
2017-09-03,1874,0,0,0,0,0,0,0,0,0,0,1,1,0,0,0,1,0,0,0,215,46225,9938375,-0.273382120149178,-0.292124394033687
2017-09-04,1871,0,0,0,0,0,0,0,0,0,0,1,0,0,1,0,0,0,0,0,216,46656,10077696,-0.288641217253576,0.392688064763214
2017-09-05,2358,0,0,0,0,0,0,0,0,0,0,1,0,0,0,0,0,0,1,0,217,47089,10218313,-0.303827344509152,0.892813190781712
2017-09-06,2524,0,0,0,0,0,0,0,0,0,0,1,0,0,0,0,0,0,0,1,218,47524,10360232,-0.318936662791956,0.973034322584648
2017-09-07,2582,0,0,0,0,0,0,0,0,0,0,1,0,0,0,0,0,1,0,0,219,47961,10503459,-0.333965352395706,0.595622208395335
2017-09-08,2049,0,0,0,0,0,0,0,0,0,0,1,0,1,0,0,0,0,0,0,220,48400,10648000,-0.348909613997426,-0.0619203372560573
2017-09-09,528,0,0,0,0,0,0,0,0,0,0,1,1,0,0,1,0,0,0,0,221,48841,10793861,-0.363765669617934,-0.690340780763945
2017-09-10,1801,0,0,0,0,0,0,0,0,0,0,1,1,0,0,0,1,0,0,0,222,49284,10941048,-0.378529763576933,-0.994083168206307
2017-09-11,2769,0,0,0,0,0,0,0,0,0,0,1,0,0,1,0,0,0,0,0,223,49729,11089567,-0.393198163442463,-0.830292708663265
2017-09-12,2812,0,0,0,0,0,0,0,0,0,0,1,0,0,0,0,0,0,1,0,224,50176,11239424,-0.407767160974478,-0.276002614554451
2017-09-13,2716,0,0,0,0,0,0,0,0,0,0,1,0,0,0,0,0,0,0,1,225,50625,11390625,-0.422233073062307,0.408095821839159
2017-09-14,2756,0,0,0,0,0,0,0,0,0,0,1,0,0,0,0,0,1,0,0,226,51076,11543176,-0.436592242655761,0.900260416548677
2017-09-15,2556,0,0,0,0,0,0,0,0,0,0,1,0,1,0,0,0,0,0,0,227,51529,11697083,-0.450841039689653,0.969018470398323
2017-09-16,1755,0,0,0,0,0,0,0,0,0,0,1,1,0,0,1,0,0,0,0,228,51984,11852352,-0.464975862001494,0.58203199628836
2017-09-17,770,0,0,0,0,0,0,0,0,0,0,1,1,0,0,0,1,0,0,0,229,52441,12008989,-0.478993136242137,-0.0786932201768149
2017-09-18,1974,0,0,0,0,0,0,0,0,0,0,1,0,0,1,0,0,0,0,0,230,52900,12167000,-0.492889318779138,-0.702407785577371
2017-09-19,2082,0,0,0,0,0,0,0,0,0,0,1,0,0,0,0,0,0,1,0,231,53361,12326391,-0.506660896592603,-0.995768993996468
2017-09-20,2419,0,0,0,0,0,0,0,0,0,0,1,0,0,0,0,0,0,0,1,232,53824,12487168,-0.52030438816329,-0.82080448521931
2017-09-21,2542,0,0,0,0,0,0,0,0,0,0,1,0,0,0,0,0,1,0,0,233,54289,12649337,-0.533816344352763,-0.259802801619628
2017-09-22,2372,0,0,0,0,0,0,0,0,0,0,1,0,1,0,0,0,0,0,0,234,54756,12812904,-0.547193349275342,0.423388199112502
2017-09-23,1580,0,0,0,0,0,0,0,0,0,0,1,1,0,0,1,0,0,0,0,235,55225,12977875,-0.560432021161659,0.907453114178938
2017-09-24,1428,0,0,0,0,0,0,0,0,0,0,1,1,0,0,0,1,0,0,0,236,55696,13144256,-0.573529013213583,0.964728650300966
2017-09-25,1606,0,0,0,0,0,0,0,0,0,0,1,0,0,1,0,0,0,0,0,237,56169,13312053,-0.586481014450309,0.568277227885481
2017-09-26,2502,0,0,0,0,0,0,0,0,0,0,1,0,0,0,0,0,0,1,0,238,56644,13481272,-0.599284750545388,-0.095443854381191
2017-09-27,2710,0,0,0,0,0,0,0,0,0,0,1,0,0,0,0,0,0,0,1,239,57121,13651919,-0.611936984654489,-0.714276200581004
2017-09-28,2709,0,0,0,0,0,0,0,0,0,0,1,0,0,0,0,0,1,0,0,240,57600,13824000,-0.624434518233695,-0.99717328877408
2017-09-29,1526,0,0,0,0,0,0,0,0,0,0,1,0,1,0,0,0,0,0,0,241,58081,13997521,-0.636774191848103,-0.811084197994259
2017-09-30,868,0,0,0,0,0,0,0,0,0,0,1,1,0,0,1,0,0,0,0,242,58564,14172488,-0.648952885970548,-0.24352953535756
2017-10-01,1153,0,0,0,0,0,0,0,0,0,1,0,1,0,0,0,1,0,0,0,243,59049,14348907,-0.660967521770233,0.438560873011778
2017-10-02,2413,0,0,0,0,0,0,0,0,0,1,0,0,0,1,0,0,0,0,0,244,59536,14526784,-0.672815061891073,0.914389250100985
2017-10-03,2528,0,0,0,0,0,0,0,0,0,1,0,0,0,0,0,0,0,1,0,245,60025,14706125,-0.684492511219548,0.960166075141548
2017-10-04,2508,0,0,0,0,0,0,0,0,0,1,0,0,0,0,0,0,0,0,1,246,60516,14886936,-0.69599691764189,0.554361792034266
2017-10-05,2467,0,0,0,0,0,0,0,0,0,1,0,0,0,0,0,0,1,0,0,247,61009,15069223,-0.707325372790383,-0.112167504008667
2017-10-06,1578,0,0,0,0,0,0,0,0,0,1,0,0,1,0,0,0,0,0,0,248,61504,15252992,-0.718475012778617,-0.725942670250748
2017-10-07,917,0,0,0,0,0,0,0,0,0,1,0,1,0,0,1,0,0,0,0,249,62001,15438249,-0.72944301892549,-0.998295655506764
2017-10-08,1126,0,0,0,0,0,0,0,0,0,1,0,1,0,0,0,1,0,0,0,250,62500,15625000,-0.740226618467783,-0.801134595178041
2017-10-09,1178,0,0,0,0,0,0,0,0,0,1,0,0,0,1,0,0,0,0,0,251,63001,15813251,-0.750823085261131,-0.227187416663738
2017-10-10,1874,0,0,0,0,0,0,0,0,0,1,0,0,0,0,0,0,0,1,0,252,63504,16003008,-0.761229740469199,0.453609553808826
2017-10-11,2045,0,0,0,0,0,0,0,0,0,1,0,0,0,0,0,0,0,0,1,253,64009,16194277,-0.771443953240913,0.921066863280322
2017-10-12,1647,0,0,0,0,0,0,0,0,0,1,0,0,0,0,0,0,1,0,0,254,64516,16387064,-0.781463141375541,0.955332034884331
2017-10-13,1677,0,0,0,0,0,0,0,0,0,1,0,0,1,0,0,0,0,0,0,255,65025,16581375,-0.791284771975493,0.540289623007414
2017-10-14,778,0,0,0,0,0,0,0,0,0,1,0,1,0,0,1,0,0,0,0,256,65536,16777216,-0.800906362086648,-0.12885944082811
2017-10-15,1509,0,0,0,0,0,0,0,0,0,1,0,1,0,0,0,1,0,0,0,257,66049,16974593,-0.810325479326056,-0.737403896157872
2017-10-16,1880,0,0,0,0,0,0,0,0,0,1,0,0,0,1,0,0,0,0,0,258,66564,17173512,-0.819539742496853,-0.999135776870883
2017-10-17,1415,0,0,0,0,0,0,0,0,0,1,0,0,0,0,0,0,0,1,0,259,67081,17373979,-0.828546822190242,-0.790958489794349
2017-10-18,1086,0,0,0,0,0,0,0,0,0,1,0,0,0,0,0,0,0,0,1,260,67600,17576000,-0.837344441374379,-0.210781065900192
2017-10-19,1340,0,0,0,0,0,0,0,0,0,1,0,0,0,0,0,0,1,0,0,261,68121,17779581,-0.845930375970013,0.468529986831811
2017-10-20,1446,0,0,0,0,0,0,0,0,0,1,0,0,1,0,0,0,0,0,0,262,68644,17984728,-0.854302455412748,0.927484065773829
2017-10-21,252,0,0,0,0,0,0,0,0,0,1,0,1,0,0,1,0,0,0,0,263,69169,18191447,-0.862458563201771,0.950227896244124
2017-10-22,552,0,0,0,0,0,0,0,0,0,1,0,1,0,0,0,1,0,0,0,264,69696,18399744,-0.870396637434911,0.526064699390363
2017-10-23,1903,0,0,0,0,0,0,0,0,0,1,0,0,0,1,0,0,0,0,0,265,70225,18609625,-0.8781146713299,-0.145514945574381
2017-10-24,2303,0,0,0,0,0,0,0,0,0,1,0,0,0,0,0,0,0,1,0,266,70756,18821096,-0.885610713731694,-0.748656637901727
2017-10-25,1927,0,0,0,0,0,0,0,0,0,1,0,0,0,0,0,0,0,0,1,267,71289,19034163,-0.892882869605739,-0.999693415341245
2017-10-26,2253,0,0,0,0,0,0,0,0,0,1,0,0,0,0,0,0,1,0,0,268,71824,19248832,-0.89992930051704,-0.780558758905268
2017-10-27,2059,0,0,0,0,0,0,0,0,0,1,0,0,1,0,0,0,0,0,0,269,72361,19465109,-0.906748225094927,-0.194315121589106
2017-10-28,1438,0,0,0,0,0,0,0,0,0,1,0,1,0,0,1,0,0,0,0,270,72900,19683000,-0.913337919483396,0.483317953667963
2017-10-29,1366,0,0,0,0,0,0,0,0,0,1,0,1,0,0,0,1,0,0,0,271,73441,19902511,-0.919696717776906,0.933639043263621
2017-10-30,2257,0,0,0,0,0,0,0,0,0,1,0,0,0,1,0,0,0,0,0,272,73984,20123648,-0.925823012441526,0.944855102299941
2017-10-31,2087,0,0,0,0,0,0,0,0,0,1,0,0,0,0,0,0,0,1,0,273,74529,20346417,-0.931715254721332,0.51169104295636
2017-11-01,2082,0,0,0,0,0,0,0,0,1,0,0,0,0,0,0,0,0,0,1,274,75076,20570824,-0.937371955029935,-0.162129309282677
2017-11-02,1304,0,0,0,0,0,0,0,0,1,0,0,0,0,0,0,0,1,0,0,275,75625,20796875,-0.942791683327058,-0.759697714025753
2017-11-03,891,0,0,0,0,0,0,0,0,1,0,0,0,1,0,0,0,0,0,0,276,76176,21024576,-0.947973069480055,-0.999968413258271
2017-11-04,409,0,0,0,0,0,0,0,0,1,0,0,1,0,0,1,0,0,0,0,277,76729,21253933,-0.95291480361029,-0.769938342797973
2017-11-05,580,0,0,0,0,0,0,0,0,1,0,0,1,0,0,0,1,0,0,0,278,77284,21484952,-0.957615636424277,-0.177794239101304
2017-11-06,1640,0,0,0,0,0,0,0,0,1,0,0,0,0,1,0,0,0,0,0,279,77841,21717639,-0.96207437952951,0.497969273356307
2017-11-07,1701,0,0,0,0,0,0,0,0,1,0,0,0,0,0,0,0,0,1,0,280,78400,21952000,-0.966289905734889,0.939530055569931
2017-11-08,1588,0,0,0,0,0,0,0,0,1,0,0,0,0,0,0,0,0,0,1,281,78961,22188041,-0.970261149335689,0.939215172086928
2017-11-09,1357,0,0,0,0,0,0,0,0,1,0,0,0,0,0,0,0,1,0,0,282,79524,22425768,-0.973987106382966,0.497172717529569
2017-11-10,1552,0,0,0,0,0,0,0,0,1,0,0,0,1,0,0,0,0,0,0,283,80089,22665187,-0.977466834937362,-0.178697834619971
2017-11-11,715,0,0,0,0,0,0,0,0,1,0,0,1,0,0,1,0,0,0,0,284,80656,22906304,-0.980699455307234,-0.770524002917028
2017-11-12,372,0,0,0,0,0,0,0,0,1,0,0,1,0,0,0,1,0,0,0,285,81225,23149125,-0.983684150271045,-0.999960692872559
2017-11-13,374,0,0,0,0,0,0,0,0,1,0,0,0,0,1,0,0,0,0,0,286,81796,23393656,-0.986420165283958,-0.759100244153289
2017-11-14,1175,0,0,0,0,0,0,0,0,1,0,0,0,0,0,0,0,0,1,0,287,82369,23639903,-0.988906808668588,-0.161223089340234
2017-11-15,1605,0,0,0,0,0,0,0,0,1,0,0,0,0,0,0,0,0,0,1,288,82944,23887872,-0.991143451789865,0.512479803569817
2017-11-16,1561,0,0,0,0,0,0,0,0,1,0,0,0,0,0,0,0,1,0,0,289,83521,24137569,-0.993129529213955,0.945155437143141
2017-11-17,1432,0,0,0,0,0,0,0,0,1,0,0,0,1,0,0,0,0,0,0,290,84100,24389000,-0.994864538851202,0.93330970016696
2017-11-18,807,0,0,0,0,0,0,0,0,1,0,0,1,0,0,1,0,0,0,0,291,84681,24642171,-0.99634804208306,0.482513827835919
2017-11-19,351,0,0,0,0,0,0,0,0,1,0,0,1,0,0,0,1,0,0,0,292,85264,24897088,-0.997579663872979,-0.195215837212882
2017-11-20,1551,0,0,0,0,0,0,0,0,1,0,0,0,0,1,0,0,0,0,0,293,85849,25153757,-0.998559092861213,-0.781132443688887
2017-11-21,1059,0,0,0,0,0,0,0,0,1,0,0,0,0,0,0,0,0,1,0,294,86436,25412184,-0.999286081443536,-0.999670256366873
2017-11-22,1562,0,0,0,0,0,0,0,0,1,0,0,0,0,0,0,0,0,0,1,295,87025,25672375,-0.999760445833837,-0.748047527196877
2017-11-23,1222,0,0,0,0,0,0,0,0,1,0,0,0,0,0,0,0,1,0,0,296,87616,25934336,-0.99998206611058,-0.144606357421164
2017-11-24,1252,0,0,0,0,0,0,0,0,1,0,0,0,1,0,0,0,0,0,0,297,88209,26198073,-0.999950886247124,0.526845441786384
2017-11-25,653,0,0,0,0,0,0,0,0,1,0,0,1,0,0,1,0,0,0,0,298,88804,26463592,-0.999666914125885,0.950513597534702
2017-11-26,347,0,0,0,0,0,0,0,0,1,0,0,1,0,0,0,1,0,0,0,299,89401,26730899,-0.999130221536341,0.927140356177784
2017-11-27,1617,0,0,0,0,0,0,0,0,1,0,0,0,0,1,0,0,0,0,0,300,90000,2.7e+07,-0.998340944156888,0.467718518342759
2017-11-28,1417,0,0,0,0,0,0,0,0,1,0,0,0,0,0,0,0,0,1,0,301,90601,27270901,-0.997299281520535,-0.211678646972295
2017-11-29,1594,0,0,0,0,0,0,0,0,1,0,0,0,0,0,0,0,0,0,1,302,91204,27543608,-0.996005496964468,-0.791520037046184
2017-11-30,1263,0,0,0,0,0,0,0,0,1,0,0,0,0,0,0,0,1,0,0,303,91809,27818127,-0.994459917563468,-0.999097185855521
2017-12-01,942,0,1,0,0,0,0,0,0,0,0,0,0,1,0,0,0,0,0,0,304,92416,28094464,-0.992662934047232,-0.736783316832841
2017-12-02,452,0,1,0,0,0,0,0,0,0,0,0,1,0,0,1,0,0,0,0,305,93025,28372625,-0.990615000701591,-0.127948741346762
2017-12-03,729,0,1,0,0,0,0,0,0,0,0,0,1,0,0,0,1,0,0,0,306,93636,28652616,-0.988316635253669,0.54106212644891
2017-12-04,1488,0,1,0,0,0,0,0,0,0,0,0,0,0,1,0,0,0,0,0,307,94249,28934443,-0.985768418740991,0.955603021846732
2017-12-05,1567,0,1,0,0,0,0,0,0,0,0,0,0,0,0,0,0,0,1,0,308,94864,29218112,-0.982970995364604,0.920708884360935
2017-12-06,1620,0,1,0,0,0,0,0,0,0,0,0,0,0,0,0,0,0,0,1,309,95481,29503629,-0.979925072326211,0.452790972087031
2017-12-07,1491,0,1,0,0,0,0,0,0,0,0,0,0,0,0,0,0,1,0,0,310,96100,29791000,-0.976631419649394,-0.228081609413528
2017-12-08,1148,0,1,0,0,0,0,0,0,0,0,0,0,1,0,0,0,0,0,0,311,96721,30080231,-0.973090869984943,-0.801683846133426
2017-12-09,566,0,1,0,0,0,0,0,0,0,0,0,1,0,0,1,0,0,0,0,312,97344,30371328,-0.969304318400363,-0.998241643361146
2017-12-10,656,0,1,0,0,0,0,0,0,0,0,0,1,0,0,0,1,0,0,0,313,97969,30664297,-0.965272722153591,-0.725310797760171
2017-12-11,1387,0,1,0,0,0,0,0,0,0,0,0,0,0,1,0,0,0,0,0,314,98596,30959144,-0.960997100451003,-0.111254950678759
2017-12-12,1460,0,1,0,0,0,0,0,0,0,0,0,0,0,0,0,0,0,1,0,315,99225,31255875,-0.956478534189748,0.555125838113453
2017-12-13,1556,0,1,0,0,0,0,0,0,0,0,0,0,0,0,0,0,0,0,1,316,99856,31554496,-0.951718165684499,0.960422271160396
2017-12-14,1514,0,1,0,0,0,0,0,0,0,0,0,0,0,0,0,0,1,0,0,317,100489,31855013,-0.946717198378662,0.914017103068667
2017-12-15,1102,0,1,0,0,0,0,0,0,0,0,0,0,1,0,0,0,0,0,0,318,101124,32157432,-0.941476896540147,0.437735409492534
2017-12-16,536,0,1,0,0,0,0,0,0,0,0,0,1,0,0,1,0,0,0,0,319,101761,32461759,-0.935998584941752,-0.244420086972367
2017-12-17,305,0,1,0,0,0,0,0,0,0,0,0,1,0,0,0,1,0,0,0,320,102400,32768000,-0.930283648526254,-0.811620997364974
2017-12-18,1307,0,1,0,0,0,0,0,0,0,0,0,0,0,1,0,0,0,0,0,321,103041,33076161,-0.924333532056291,-0.997103870768908
2017-12-19,648,0,1,0,0,0,0,0,0,0,0,0,0,0,0,0,0,0,1,0,322,103684,33386248,-0.918149739749116,-0.713633213572483
2017-12-20,991,0,1,0,0,0,0,0,0,0,0,0,0,0,0,0,0,0,0,1,323,104329,33698267,-0.911733834896328,-0.0945297052063466
2017-12-21,793,0,1,0,0,0,0,0,0,0,0,0,0,0,0,0,0,1,0,0,324,104976,34012224,-0.905087439468662,0.569032600585701
2017-12-22,862,0,1,0,0,0,0,0,0,0,0,0,0,1,0,0,0,0,0,0,325,105625,34328125,-0.898212233705946,0.964969982942652
2017-12-23,392,0,1,0,0,0,0,0,0,0,0,0,1,0,0,1,0,0,0,0,326,106276,34645976,-0.891109955692332,0.907066904249767
2017-12-24,246,0,1,0,0,0,0,0,0,0,0,0,1,0,0,0,1,0,0,0,327,106929,34965783,-0.883782400916898,0.422556087176878
2017-12-25,71,0,1,0,0,0,0,0,0,0,0,0,0,0,1,0,0,0,0,0,328,107584,35287552,-0.876231421819739,-0.260689460316313
2017-12-26,345,0,1,0,0,0,0,0,0,0,0,0,0,0,0,0,0,0,1,0,329,108241,35611289,-0.868458927323665,-0.821328681237538
2017-12-27,644,0,1,0,0,0,0,0,0,0,0,0,0,0,0,0,0,0,0,1,330,108900,35937000,-0.860466882351613,-0.995684189758106
2017-12-28,395,0,1,0,0,0,0,0,0,0,0,0,0,0,0,0,0,1,0,0,331,109561,36264691,-0.852257307329904,-0.701753865840803
2017-12-29,389,0,1,0,0,0,0,0,0,0,0,0,0,1,0,0,0,0,0,0,332,110224,36594368,-0.843832277677478,-0.0777777336119568
2017-12-30,530,0,1,0,0,0,0,0,0,0,0,0,1,0,0,1,0,0,0,0,333,110889,36926037,-0.835193923281208,0.582778482045226
2017-12-31,434,0,1,0,0,0,0,0,0,0,0,0,1,0,0,0,1,0,0,0,334,111556,37259704,-0.826344427957461,0.969244871431546
2018-01-01,466,0,0,0,1,0,0,0,0,0,0,0,0,0,1,0,0,0,0,0,335,112225,37595375,-0.817286028900018,0.899860252914741
2018-01-02,1153,0,0,0,1,0,0,0,0,0,0,0,0,0,0,0,0,0,1,0,336,112896,37933056,-0.808021016114497,0.407257296747808
2018-01-03,1333,0,0,0,1,0,0,0,0,0,0,0,0,0,0,0,0,0,0,1,337,113569,38272753,-0.798551731839437,-0.276885129650399
2018-01-04,1161,0,0,0,1,0,0,0,0,0,0,0,0,0,0,0,0,1,0,0,338,114244,38614472,-0.788880569954161,-0.830804153124549
2018-01-05,875,0,0,0,1,0,0,0,0,0,0,0,0,1,0,0,0,0,0,0,339,114921,38958219,-0.779009975373596,-0.99398300171122
2018-01-06,812,0,0,0,1,0,0,0,0,0,0,0,1,0,0,1,0,0,0,0,340,115600,39304000,-0.768942443430187,-0.689676113180288
2018-01-07,235,0,0,0,1,0,0,0,0,0,0,0,1,0,0,0,1,0,0,0,341,116281,39651821,-0.758680519243065,-0.0610037721341124
2018-01-08,1295,0,0,0,1,0,0,0,0,0,0,0,0,0,1,0,0,0,0,0,342,116964,40001688,-0.748226797074628,0.596359596156948
2018-01-09,1633,0,0,0,1,0,0,0,0,0,0,0,0,0,0,0,0,0,1,0,343,117649,40353607,-0.737583919674701,0.973245727999676
2018-01-10,1460,0,0,0,1,0,0,0,0,0,0,0,0,0,0,0,0,0,0,1,344,118336,40707584,-0.726754577612435,0.892399186580157
2018-01-11,905,0,0,0,1,0,0,0,0,0,0,0,0,0,0,0,0,1,0,0,345,119025,41063625,-0.71574150859612,0.391843363590068
2018-01-12,1121,0,0,0,1,0,0,0,0,0,0,0,0,1,0,0,0,0,0,0,346,119716,41421736,-0.704547496781076,-0.293002516017901
2018-01-13,474,0,0,0,1,0,0,0,0,0,0,0,1,0,0,1,0,0,0,0,347,120409,41781923,-0.693175372065812,-0.840044734052026
2018-01-14,1069,0,0,0,1,0,0,0,0,0,0,0,1,0,0,0,1,0,0,0,348,121104,42144192,-0.68162800937661,-0.992000787600443
2018-01-15,1591,0,0,0,1,0,0,0,0,0,0,0,0,0,1,0,0,0,0,0,349,121801,42508549,-0.669908327940728,-0.677403370300489
2018-01-16,1635,0,0,0,1,0,0,0,0,0,0,0,0,0,0,0,0,0,1,0,350,122500,42875000,-0.65801929054841,-0.0442125632285881
2018-01-17,1218,0,0,0,1,0,0,0,0,0,0,0,0,0,0,0,0,0,0,1,351,123201,43243551,-0.645963902803879,0.609772103170097
2018-01-18,1330,0,0,0,1,0,0,0,0,0,0,0,0,0,0,0,0,1,0,0,352,123904,43614208,-0.633745212365505,0.976971421495929
2018-01-19,1258,0,0,0,1,0,0,0,0,0,0,0,0,1,0,0,0,0,0,0,353,124609,43986977,-0.621366308175337,0.884685814692667
2018-01-20,700,0,0,0,1,0,0,0,0,0,0,0,1,0,0,1,0,0,0,0,354,125316,44361864,-0.608830319678215,0.376318645642277
2018-01-21,294,0,0,0,1,0,0,0,0,0,0,0,1,0,0,0,1,0,0,0,355,126025,44738875,-0.596140416030623,-0.309037062594711
2018-01-22,1295,0,0,0,1,0,0,0,0,0,0,0,0,0,1,0,0,0,0,0,356,126736,45118016,-0.583299805299517,-0.849047811456121
2018-01-23,1027,0,0,0,1,0,0,0,0,0,0,0,0,0,0,0,0,0,1,0,357,127449,45499293,-0.570311733651305,-0.989738107851689
2018-01-24,1378,0,0,0,1,0,0,0,0,0,0,0,0,0,0,0,0,0,0,1,358,128164,45882712,-0.557179484531206,-0.664939107040066
2018-01-25,1373,0,0,0,1,0,0,0,0,0,0,0,0,0,0,0,0,1,0,0,359,128881,46268279,-0.543906377833178,-0.0274088542273623
2018-01-26,1091,0,0,0,1,0,0,0,0,0,0,0,0,1,0,0,0,0,0,0,360,129600,46656000,-0.53049576906063,0.623012211003631
2018-01-27,383,0,0,0,1,0,0,0,0,0,0,0,1,0,0,1,0,0,0,0,361,130321,47045881,-0.516951048478142,0.980420898565301
2018-01-28,189,0,0,0,1,0,0,0,0,0,0,0,1,0,0,0,1,0,0,0,362,131044,47437928,-0.503275640254386,0.876722318032579
2018-01-29,314,0,0,0,1,0,0,0,0,0,0,0,0,0,1,0,0,0,0,0,363,131769,47832147,-0.489473001596478,0.360687532165014
2018-01-30,1141,0,0,0,1,0,0,0,0,0,0,0,0,0,0,0,0,0,1,0,364,132496,48228544,-0.475546621875984,-0.324984235977893
2018-01-31,1215,0,0,0,1,0,0,0,0,0,0,0,0,0,0,0,0,0,0,1,365,133225,48627125,-0.461500021746789,-0.857810839921639
2018-02-01,1008,0,0,1,0,0,0,0,0,0,0,0,0,0,0,0,0,1,0,0,366,133956,49027896,-0.44733675225506,-0.987195602186135
2018-02-02,1120,0,0,1,0,0,0,0,0,0,0,0,0,1,0,0,0,0,0,0,367,134689,49430863,-0.433060393941521,-0.652286847385704
2018-02-03,604,0,0,1,0,0,0,0,0,0,0,0,1,0,0,1,0,0,0,0,368,135424,49836032,-0.418674555936283,-0.0105973959966449
2018-02-04,590,0,0,1,0,0,0,0,0,0,0,0,1,0,0,0,1,0,0,0,369,136161,50243409,-0.404182875046431,0.636076176318561
2018-02-05,1568,0,0,1,0,0,0,0,0,0,0,0,0,0,1,0,0,0,0,0,370,136900,50653000,-0.38958901483663,0.983593183946681
2018-02-06,1517,0,0,1,0,0,0,0,0,0,0,0,0,0,0,0,0,0,1,0,371,137641,51064811,-0.37489666470295,0.868510948097241
2018-02-07,1418,0,0,1,0,0,0,0,0,0,0,0,0,0,0,0,0,0,0,1,372,138384,51478848,-0.360109538940177,0.344954442499769
2018-02-08,1597,0,0,1,0,0,0,0,0,0,0,0,0,0,0,0,0,1,0,0,373,139129,51895117,-0.345231375802818,-0.340839527467187
2018-02-09,1395,0,0,1,0,0,0,0,0,0,0,0,0,1,0,0,0,0,0,0,374,139876,52313624,-0.330265936560057,-0.866331341901831
2018-02-10,982,0,0,1,0,0,0,0,0,0,0,0,1,0,0,1,0,0,0,0,375,140625,52734375,-0.315217004544879,-0.984373989439378
2018-02-11,647,0,0,1,0,0,0,0,0,0,0,0,1,0,0,0,1,0,0,0,376,141376,53157376,-0.300088384197637,-0.639450168475727
2018-02-12,995,0,0,1,0,0,0,0,0,0,0,0,0,0,1,0,0,0,0,0,377,142129,53582633,-0.284883900104267,0.00621705840654981
2018-02-13,1353,0,0,1,0,0,0,0,0,0,0,0,0,0,0,0,0,0,1,0,378,142884,54010152,-0.26960739602941,0.648960305576009
2018-02-14,1443,0,0,1,0,0,0,0,0,0,0,0,0,0,0,0,0,0,0,1,379,143641,54439939,-0.254262733944701,0.986487380748598
2018-02-15,1428,0,0,1,0,0,0,0,0,0,0,0,0,0,0,0,0,1,0,0,380,144400,54872000,-0.238853793052433,0.86005402646457
2018-02-16,1133,0,0,1,0,0,0,0,0,0,0,0,0,1,0,0,0,0,0,0,381,145161,55306341,-0.223384468804888,0.3291238248194
2018-02-17,293,0,0,1,0,0,0,0,0,0,0,0,1,0,0,1,0,0,0,0,382,145924,55742968,-0.207858671919535,-0.356598454339951
2018-02-18,225,0,0,1,0,0,0,0,0,0,0,0,1,0,0,0,1,0,0,0,383,146689,56181887,-0.192280327390396,-0.874606908418678
2018-02-19,1156,0,0,1,0,0,0,0,0,0,0,0,0,0,1,0,0,0,0,0,384,147456,56623104,-0.17665337349578,-0.981274067358193
2018-02-20,1319,0,0,1,0,0,0,0,0,0,0,0,0,0,0,0,0,0,1,0,385,148225,57066625,-0.160981760802673,-0.626432699588866
2018-02-21,880,0,0,1,0,0,0,0,0,0,0,0,0,0,0,0,0,0,0,1,386,148996,57512456,-0.14526945116801,0.0230297550780228
2018-02-22,315,0,0,1,0,0,0,0,0,0,0,0,0,0,0,0,0,1,0,0,387,149769,57960603,-0.129520416737106,0.661660956081868
2018-02-23,409,0,0,1,0,0,0,0,0,0,0,0,0,1,0,0,0,0,0,0,388,150544,58411072,-0.113738638939478,0.989102670702791
2018-02-24,665,0,0,1,0,0,0,0,0,0,0,0,1,0,0,1,0,0,0,0,389,151321,58863869,-0.0979281074823139,0.851353944136649
2018-02-25,378,0,0,1,0,0,0,0,0,0,0,0,1,0,0,0,1,0,0,0,390,152100,59319000,-0.0820928193418652,0.31320015487067
2018-02-26,1390,0,0,1,0,0,0,0,0,0,0,0,0,0,1,0,0,0,0,0,391,152881,59776471,-0.0662367777529875,-0.372256561118368
2018-02-27,1455,0,0,1,0,0,0,0,0,0,0,0,0,0,0,0,0,0,1,0,392,153664,60236288,-0.050363991197106,-0.882635199744223
2018-02-28,1162,0,0,1,0,0,0,0,0,0,0,0,0,0,0,0,0,0,0,1,393,154449,60698457,-0.0344784723888492,-0.977896712374952
2018-03-01,1510,0,0,0,0,0,0,1,0,0,0,0,0,0,0,0,0,1,0,0,394,155236,61162984,-0.0185842372616212,-0.613238121118128
2018-03-02,1053,0,0,0,0,0,0,1,0,0,0,0,0,1,0,0,0,0,0,0,395,156025,61629875,-0.00268530395235209,0.039835940610562
2018-03-03,1126,0,0,0,0,0,0,1,0,0,0,0,1,0,0,1,0,0,0,0,396,156816,62099136,0.0132143082143081,0.674174537016318
2018-03-04,928,0,0,0,0,0,0,1,0,0,0,0,1,0,0,0,1,0,0,0,397,157609,62570773,0.0291105797420884,0.991438314395583
2018-03-05,1583,0,0,0,0,0,0,1,0,0,0,0,0,0,1,0,0,0,0,0,398,158404,63044792,0.0449994919792479,0.842413160863625
2018-03-06,1869,0,0,0,0,0,0,1,0,0,0,0,0,0,0,0,0,0,1,0,399,159201,63521199,0.0608770281345079,0.297187934708779
2018-03-07,1670,0,0,0,0,0,0,1,0,0,0,0,0,0,0,0,0,0,0,1,400,160000,6.4e+07,0.0767391742925189,-0.387809420829229
2018-03-08,1313,0,0,0,0,0,0,1,0,0,0,0,0,0,0,0,0,1,0,0,401,160801,64481201,0.0925819204285922,-0.890413946061847
2018-03-09,1555,0,0,0,0,0,0,1,0,0,0,0,0,1,0,0,0,0,0,0,402,161604,64964808,0.108401261422456,-0.974242879359895
2018-03-10,1322,0,0,0,0,0,0,1,0,0,0,0,1,0,0,1,0,0,0,0,403,162409,65450827,0.124193198070767,-0.599870163530087
2018-03-11,1368,0,0,0,0,0,0,1,0,0,0,0,1,0,0,0,1,0,0,0,404,163216,65939264,0.139953738098131,0.0566308634377749
2018-03-12,2051,0,0,0,0,0,0,1,0,0,0,0,0,0,1,0,0,0,0,0,405,164025,66430125,0.155678897166365,0.686497510449243
2018-03-13,1505,0,0,0,0,0,0,1,0,0,0,0,0,0,0,0,0,0,1,0,406,164836,66923416,0.171364699881755,0.993493651476889
2018-03-14,1831,0,0,0,0,0,0,1,0,0,0,0,0,0,0,0,0,0,0,1,407,165649,67419143,0.187007180800063,0.833234204448445
2018-03-15,2014,0,0,0,0,0,0,1,0,0,0,0,0,0,0,0,0,1,0,0,408,166464,67917312,0.202602385428999,0.281091691424322
2018-03-16,1911,0,0,0,0,0,0,1,0,0,0,0,0,1,0,0,0,0,0,0,409,167281,68417929,0.21814637122794,-0.403252636255491
2018-03-17,1394,0,0,0,0,0,0,1,0,0,0,0,1,0,0,1,0,0,0,0,410,168100,68921000,0.233635208604625,-0.897940948108125
2018-03-18,1074,0,0,0,0,0,0,1,0,0,0,0,1,0,0,0,1,0,0,0,411,168921,69426531,0.249064981908571,-0.970313601351121
2018-03-19,1911,0,0,0,0,0,0,1,0,0,0,0,0,0,1,0,0,0,0,0,412,169744,69934528,0.264431790420968,-0.58633260631045
2018-03-20,1886,0,0,0,0,0,0,1,0,0,0,0,0,0,0,0,0,0,1,0,413,170569,70444997,0.2797317493408,0.0734097751777128
2018-03-21,1905,0,0,0,0,0,0,1,0,0,0,0,0,0,0,0,0,0,0,1,414,171396,70957944,0.294960990766942,0.69862639234042
2018-03-22,1205,0,0,0,0,0,0,1,0,0,0,0,0,0,0,0,0,1,0,0,415,172225,71473375,0.310115664675978,0.99526810084694
2018-03-23,1538,0,0,0,0,0,0,1,0,0,0,0,0,1,0,0,0,0,0,0,416,173056,71991296,0.325191939895514,0.823819670032058
2018-03-24,1271,0,0,0,0,0,0,1,0,0,0,0,1,0,0,1,0,0,0,0,417,173889,72511713,0.340186005072705,0.264915975863681
2018-03-25,1259,0,0,0,0,0,0,1,0,0,0,0,1,0,0,0,1,0,0,0,418,174724,73034632,0.355094069637796,-0.418581841179688
2018-03-26,1248,0,0,0,0,0,0,1,0,0,0,0,0,0,1,0,0,0,0,0,419,175561,73560059,0.369912364762383,-0.905214077794569
2018-03-27,1585,0,0,0,0,0,0,1,0,0,0,0,0,0,0,0,0,0,1,0,420,176400,74088000,0.384637144312198,-0.96610998926253
2018-03-28,1821,0,0,0,0,0,0,1,0,0,0,0,0,0,0,0,0,0,0,1,421,177241,74618461,0.399264685794149,-0.572629276895314
2018-03-29,1189,0,0,0,0,0,0,1,0,0,0,0,0,0,0,0,0,1,0,0,422,178084,75151448,0.41379129129738,0.0901679319750271
2018-03-30,1410,0,0,0,0,0,0,1,0,0,0,0,0,1,0,0,0,0,0,0,423,178929,75686967,0.428213288428122,0.710557753524713
2018-03-31,2002,0,0,0,0,0,0,1,0,0,0,0,1,0,0,1,0,0,0,0,424,179776,76225024,0.442527031238094,0.996761160820571
2018-04-01,1221,0,0,0,0,0,0,0,0,0,0,0,1,0,0,0,1,0,0,0,425,180625,76765625,0.456728901146211,0.814172219359731
2018-04-02,1768,0,0,0,0,0,0,0,0,0,0,0,0,0,1,0,0,0,0,0,426,181476,77308776,0.470815307853381,0.248665361342163
2018-04-03,2079,0,0,0,0,0,0,0,0,0,0,0,0,0,0,0,0,0,1,0,427,182329,77854483,0.484782690250148,-0.433792701618073
2018-04-04,1490,0,0,0,0,0,0,0,0,0,0,0,0,0,0,0,0,0,0,1,428,183184,78402752,0.49862751731696,-0.912231278809398
2018-04-05,1158,0,0,0,0,0,0,0,0,0,0,0,0,0,0,0,0,1,0,0,429,184041,78953589,0.512346289016825,-0.961633231569752
2018-04-06,1748,0,0,0,0,0,0,0,0,0,0,0,0,1,0,0,0,0,0,0,430,184900,79507000,0.525935537180136,-0.558764049589089
2018-04-07,983,0,0,0,0,0,0,0,0,0,0,0,1,0,0,1,0,0,0,0,431,185761,80062991,0.539391826381439,0.106900595842413
2018-04-08,981,0,0,0,0,0,0,0,0,0,0,0,1,0,0,0,1,0,0,0,432,186624,80621568,0.552711754807932,0.722288220681344
2018-04-09,2358,0,0,0,0,0,0,0,0,0,0,0,0,0,1,0,0,0,0,0,433,187489,81182737,0.565891955119452,0.997972409269078
2018-04-10,2089,0,0,0,0,0,0,0,0,0,0,0,0,0,0,0,0,0,1,0,434,188356,81746504,0.578929095299755,0.804294580028535
2018-04-11,1767,0,0,0,0,0,0,0,0,0,0,0,0,0,0,0,0,0,0,1,435,189225,82312875,0.591819879498869,0.232344442351046
2018-04-12,2266,0,0,0,0,0,0,0,0,0,0,0,0,0,0,0,0,1,0,0,436,190096,82881856,0.604561048866297,-0.44888091704616
2018-04-13,1226,0,0,0,0,0,0,0,0,0,0,0,0,1,0,0,0,0,0,0,437,190969,83453453,0.617149382374872,-0.918990567198757
2018-04-14,1242,0,0,0,0,0,0,0,0,0,0,0,1,0,0,1,0,0,0,0,438,191844,84027672,0.629581697635044,-0.956884593974073
2018-04-15,1314,0,0,0,0,0,0,0,0,0,0,0,1,0,0,0,1,0,0,0,439,192721,84604519,0.641854851699408,-0.544740844469176
2018-04-16,1175,0,0,0,0,0,0,0,0,0,0,0,0,0,1,0,0,0,0,0,440,193600,85184000,0.653965741857252,0.123603036000113
2018-04-17,1995,0,0,0,0,0,0,0,0,0,0,0,0,0,0,0,0,0,1,0,441,194481,85766121,0.665911306418938,0.73381447728779
2018-04-18,1826,0,0,0,0,0,0,0,0,0,0,0,0,0,0,0,0,0,0,1,442,195364,86350888,0.677688525489911,0.998901503739532
2018-04-19,2137,0,0,0,0,0,0,0,0,0,0,0,0,0,0,0,0,1,0,0,443,196249,86938307,0.689294421734146,0.794189544716041
2018-04-20,1824,0,0,0,0,0,0,0,0,0,0,0,0,1,0,0,0,0,0,0,444,197136,87528384,0.700726061126824,0.215957833258657
2018-04-21,1360,0,0,0,0,0,0,0,0,0,0,0,1,0,0,1,0,0,0,0,445,198025,88121125,0.711980553696076,-0.463842221614548
2018-04-22,2202,0,0,0,0,0,0,0,0,0,0,0,1,0,0,0,1,0,0,0,446,198916,88716536,0.723055054253578,-0.925490031927742
2018-04-23,2696,0,0,0,0,0,0,0,0,0,0,0,0,0,1,0,0,0,0,0,447,199809,89314623,0.733946763113827,-0.951865419044677
2018-04-24,2905,0,0,0,0,0,0,0,0,0,0,0,0,0,0,0,0,0,1,0,448,200704,89915392,0.744652926801916,-0.530563626277465
2018-04-25,2970,0,0,0,0,0,0,0,0,0,0,0,0,0,0,0,0,0,0,1,449,201601,90518849,0.755170838749623,0.140270530213376
2018-04-26,3040,0,0,0,0,0,0,0,0,0,0,0,0,0,0,0,0,1,0,0,450,202500,91125000,0.765497839979648,0.745133264557413
2018-04-27,2697,0,0,0,0,0,0,0,0,0,0,0,0,1,0,0,0,0,0,0,451,203401,91733851,0.775631319777813,0.999548181551624
2018-04-28,468,0,0,0,0,0,0,0,0,0,0,0,1,0,0,1,0,0,0,0,452,204304,92345408,0.78556871635306,0.783859970390956
2018-04-29,1404,0,0,0,0,0,0,0,0,0,0,0,1,0,0,0,1,0,0,0,453,205209,92959677,0.795307517485088,0.199510167005534
2018-04-30,2058,0,0,0,0,0,0,0,0,0,0,0,0,0,1,0,0,0,0,0,454,206116,93576664,0.804845261159453,-0.478672385354941
2018-05-01,3068,0,0,0,0,0,0,0,1,0,0,0,0,0,0,0,0,0,1,0,455,207025,94196375,0.814179536189973,-0.931727835420675
2018-05-02,3123,0,0,0,0,0,0,0,1,0,0,0,0,0,0,0,0,0,0,1,456,207936,94818816,0.823307982828294,-0.946577125839004
2018-05-03,2923,0,0,0,0,0,0,0,1,0,0,0,0,0,0,0,0,1,0,0,457,208849,95443993,0.832228293360438,-0.516236403299676
2018-05-04,2374,0,0,0,0,0,0,0,1,0,0,0,0,1,0,0,0,0,0,0,458,209764,96071912,0.840938212690212,0.156898366127794
2018-05-05,2281,0,0,0,0,0,0,0,1,0,0,0,1,0,0,1,0,0,0,0,459,210681,96702579,0.849435538909296,0.756241382360767
2018-05-06,2207,0,0,0,0,0,0,0,1,0,0,0,1,0,0,0,1,0,0,0,460,211600,97336000,0.857718123853908,0.999912259871926
2018-05-07,3090,0,0,0,0,0,0,0,1,0,0,0,0,0,1,0,0,0,0,0,461,212521,97972181,0.865783873647861,0.77330877750525
2018-05-08,3147,0,0,0,0,0,0,0,1,0,0,0,0,0,0,0,0,0,1,0,462,213444,98611128,0.873630749231908,0.183006093794904
2018-05-09,2790,0,0,0,0,0,0,0,1,0,0,0,0,0,0,0,0,0,0,1,463,214369,99252847,0.881256766879225,-0.493367215376278
2018-05-10,1594,0,0,0,0,0,0,0,1,0,0,0,0,0,0,0,0,1,0,0,464,215296,99897344,0.888659998696906,-0.937702214080611
2018-05-11,2972,0,0,0,0,0,0,0,1,0,0,0,0,1,0,0,0,0,0,0,465,216225,100544625,0.895838573113347,-0.941021209501561
2018-05-12,2204,0,0,0,0,0,0,0,1,0,0,0,1,0,0,1,0,0,0,0,466,217156,101194696,0.902790675351382,-0.50176322623192
2018-05-13,2224,0,0,0,0,0,0,0,1,0,0,0,1,0,0,0,1,0,0,0,467,218089,101847563,0.909514547887072,0.173481842601267
2018-05-14,3291,0,0,0,0,0,0,0,1,0,0,0,0,0,1,0,0,0,0,0,468,219024,102503232,0.916008490894011,0.767135690130515
2018-05-15,3357,0,0,0,0,0,0,0,1,0,0,0,0,0,0,0,0,0,1,0,469,219961,103161709,0.922270862673057,0.999993635765582
2018-05-16,3074,0,0,0,0,0,0,0,1,0,0,0,0,0,0,0,0,0,0,1,470,220900,103823000,0.928300080067352,0.762538949168494
2018-05-17,2947,0,0,0,0,0,0,0,1,0,0,0,0,0,0,0,0,1,0,0,471,221841,104487111,0.934094618862559,0.166450279777722
2018-05-18,2506,0,0,0,0,0,0,0,1,0,0,0,0,1,0,0,0,0,0,0,472,222784,105154048,0.939653014172187,-0.507922557049876
2018-05-19,2071,0,0,0,0,0,0,0,1,0,0,0,1,0,0,1,0,0,0,0,473,223729,105823817,0.944973860807922,-0.943411478788044
2018-05-20,2022,0,0,0,0,0,0,0,1,0,0,0,1,0,0,0,1,0,0,0,474,224676,106496424,0.950055813634866,-0.935199240841221
2018-05-21,2096,0,0,0,0,0,0,0,1,0,0,0,0,0,1,0,0,0,0,0,475,225625,107171875,0.954897587911589,-0.487148187035505
2018-05-22,3285,0,0,0,0,0,0,0,1,0,0,0,0,0,0,0,0,0,1,0,476,226576,107850176,0.959497959614926,0.190016271033376
2018-05-23,3422,0,0,0,0,0,0,0,1,0,0,0,0,0,0,0,0,0,0,1,477,227529,108531333,0.963855765749408,0.777813107749127
2018-05-24,3212,0,0,0,0,0,0,0,1,0,0,0,0,0,0,0,0,1,0,0,478,228484,109215352,0.967969904641275,0.99979228622541
2018-05-25,3040,0,0,0,0,0,0,0,1,0,0,0,0,1,0,0,0,0,0,0,479,229441,109902239,0.971839336216986,0.751553530304492
2018-05-26,2130,0,0,0,0,0,0,0,1,0,0,0,1,0,0,1,0,0,0,0,480,230400,110592000,0.975463082266153,0.149847405733478
2018-05-27,2532,0,0,0,0,0,0,0,1,0,0,0,1,0,0,0,1,0,0,0,481,231361,111284641,0.978840226688838,-0.522334295184253
2018-05-28,3833,0,0,0,0,0,0,0,1,0,0,0,0,0,1,0,0,0,0,0,482,232324,111980168,0.981969915727146,-0.948854015378338
2018-05-29,3666,0,0,0,0,0,0,0,1,0,0,0,0,0,0,0,0,0,1,0,483,233289,112678587,0.98485135818106,-0.929112865887035
2018-05-30,3547,0,0,0,0,0,0,0,1,0,0,0,0,0,0,0,0,0,0,1,484,234256,113379904,0.98748382560846,-0.472395417780075
2018-05-31,3444,0,0,0,0,0,0,0,1,0,0,0,0,0,0,0,0,1,0,0,485,235225,114084125,0.989866652509276,0.206496976690919
2018-06-01,2962,0,0,0,0,0,1,0,0,0,0,0,0,1,0,0,0,0,0,0,486,236196,114791256,0.991999236493731,0.788270616419861
2018-06-02,2261,0,0,0,0,0,1,0,0,0,0,0,1,0,0,1,0,0,0,0,487,237169,115501303,0.993881038434625,0.99930826817841
2018-06-03,1085,0,0,0,0,0,1,0,0,0,0,0,1,0,0,0,1,0,0,0,488,238144,116214272,0.995511582603632,0.740355626790252
2018-06-04,3040,0,0,0,0,0,1,0,0,0,0,0,0,0,1,0,0,0,0,0,489,239121,116930169,0.996890456791566,0.13320216574687
2018-06-05,2911,0,0,0,0,0,1,0,0,0,0,0,0,0,0,0,0,0,1,0,490,240100,117649000,0.998017312412587,-0.536598355188564
2018-06-06,3172,0,0,0,0,0,1,0,0,0,0,0,0,0,0,0,0,0,0,1,491,241081,118370771,0.998891864592326,-0.954028285098181
2018-06-07,2712,0,0,0,0,0,1,0,0,0,0,0,0,0,0,0,0,1,0,0,492,242064,119095488,0.999513892239906,-0.922763805422975
2018-06-08,1761,0,0,0,0,0,1,0,0,0,0,0,0,1,0,0,0,0,0,0,493,243049,119823157,0.999883238103829,-0.457509089475165
2018-06-09,1708,0,0,0,0,0,1,0,0,0,0,0,1,0,0,1,0,0,0,0,494,244036,120553784,0.999999808811735,0.222919300029528
2018-06-10,1809,0,0,0,0,0,1,0,0,0,0,0,1,0,0,0,1,0,0,0,495,245025,121287375,0.999863574894005,0.798505259520226
2018-06-11,3211,0,0,0,0,0,1,0,0,0,0,0,0,0,1,0,0,0,0,0,496,246016,122023936,0.999474570791208,0.998541718469663
2018-06-12,2950,0,0,0,0,0,1,0,0,0,0,0,0,0,0,0,0,0,1,0,497,247009,122763473,0.998832894845401,0.728948404578087
2018-06-13,2375,0,0,0,0,0,1,0,0,0,0,0,0,0,0,0,0,0,0,1,498,248004,123505992,0.997938709275262,0.116519265880432
2018-06-14,3183,0,0,0,0,0,1,0,0,0,0,0,0,0,0,0,0,1,0,0,499,249001,124251499,0.996792240135083,-0.550710704224541
2018-06-15,2674,0,0,0,0,0,1,0,0,0,0,0,0,1,0,0,0,0,0,0,500,250000,1.25e+08,0.99539377725762,-0.958932825040613
2018-06-16,2590,0,0,0,0,0,1,0,0,0,0,0,1,0,0,1,0,0,0,0,501,251001,125751501,0.993743674180825,-0.916153854501338
2018-06-17,2809,0,0,0,0,0,1,0,0,0,0,0,1,0,0,0,1,0,0,0,502,252004,126506008,0.99184234805847,-0.442493410891238
2018-06-18,3378,0,0,0,0,0,1,0,0,0,0,0,0,0,1,0,0,0,0,0,503,253009,127263527,0.989690279554683,0.239278598011276
2018-06-19,3586,0,0,0,0,0,1,0,0,0,0,0,0,0,0,0,0,0,1,0,504,254016,128024064,0.987288012722442,0.808514143437861
2018-06-20,3301,0,0,0,0,0,1,0,0,0,0,0,0,0,0,0,0,0,0,1,505,255025,128787625,0.98463615486603,0.997492853823649
2018-06-21,3308,0,0,0,0,0,1,0,0,0,0,0,0,0,0,0,0,1,0,0,506,256036,129554216,0.981735376387508,0.717335088800372
2018-06-22,2585,0,0,0,0,0,1,0,0,0,0,0,0,1,0,0,0,0,0,0,507,257049,130323843,0.978586410617234,0.0998034228443401
2018-06-23,2200,0,0,0,0,0,1,0,0,0,0,0,1,0,0,1,0,0,0,0,508,258064,131096512,0.975190053628471,-0.564667352346883
2018-06-24,2185,0,0,0,0,0,1,0,0,0,0,0,1,0,0,0,1,0,0,0,509,259081,131872229,0.971547164036142,-0.96356624855861
2018-06-25,2887,0,0,0,0,0,1,0,0,0,0,0,0,0,1,0,0,0,0,0,510,260100,132651000,0.967658662779763,-0.90928488193526
2018-06-26,3435,0,0,0,0,0,1,0,0,0,0,0,0,0,0,0,0,0,1,0,511,261121,133432831,0.963525532890624,-0.427352627369553
2018-06-27,3244,0,0,0,0,0,1,0,0,0,0,0,0,0,0,0,0,0,0,1,512,262144,134217728,0.959148819243282,0.255570245417051
2018-06-28,2666,0,0,0,0,0,1,0,0,0,0,0,0,0,0,0,0,1,0,0,513,263169,135005697,0.954529628291401,0.818294438388778
2018-06-29,2094,0,0,0,0,0,1,0,0,0,0,0,0,1,0,0,0,0,0,0,514,264196,135796744,0.949669127788046,0.996161970782971
2018-06-30,1024,0,0,0,0,0,1,0,0,0,0,0,1,0,0,1,0,0,0,0,515,265225,136590875,0.94456854649046,0.705518962857745
2018-07-01,2647,0,0,0,0,1,0,0,0,0,0,0,1,0,0,0,1,0,0,0,516,266256,137388096,0.939229173849437,0.0830593626626467
2018-07-02,2131,0,0,0,0,1,0,0,0,0,0,0,0,0,1,0,0,0,0,0,517,267289,138188413,0.933652359683335,-0.578464353631035
2018-07-03,3266,0,0,0,0,1,0,0,0,0,0,0,0,0,0,0,0,0,1,0,518,268324,138991832,0.927839513836842,-0.967927245657192
2018-07-04,3276,0,0,0,0,1,0,0,0,0,0,0,0,0,0,0,0,0,0,1,519,269361,139798359,0.921792105824556,-0.902158829770374
2018-07-05,3221,0,0,0,0,1,0,0,0,0,0,0,0,0,0,0,0,1,0,0,520,270400,140608000,0.91551166445949,-0.412091019621943
2018-07-06,3075,0,0,0,0,1,0,0,0,0,0,0,0,1,0,0,0,0,0,0,521,271441,141420761,0.908999777466573,0.271789636154459
2018-07-07,2044,0,0,0,0,1,0,0,0,0,0,0,1,0,0,1,0,0,0,0,522,272484,142236648,0.902258091081276,0.82784337921721
2018-07-08,2537,0,0,0,0,1,0,0,0,0,0,0,1,0,0,0,1,0,0,0,523,273529,143055667,0.895288309633426,0.9945494456245
2018-07-09,2827,0,0,0,0,1,0,0,0,0,0,0,0,0,1,0,0,0,0,0,524,274576,143877824,0.888092195116349,0.69350336749084
2018-07-10,3416,0,0,0,0,1,0,0,0,0,0,0,0,0,0,0,0,0,1,0,525,275625,144703125,0.88067156674143,0.0662918193371589
2018-07-11,3496,0,0,0,0,1,0,0,0,0,0,0,0,0,0,0,0,0,0,1,526,276676,145531576,0.873028300478207,-0.592097807288997
2018-07-12,3273,0,0,0,0,1,0,0,0,0,0,0,0,0,0,0,0,1,0,0,527,277729,146363183,0.865164328580114,-0.9720145833637
2018-07-13,3106,0,0,0,0,1,0,0,0,0,0,0,0,1,0,0,0,0,0,0,528,278784,147197952,0.857081639096004,-0.894777712735643
2018-07-14,2706,0,0,0,0,1,0,0,0,0,0,0,1,0,0,1,0,0,0,0,529,279841,148035889,0.848782275367556,-0.396712902520595
2018-07-15,2699,0,0,0,0,1,0,0,0,0,0,0,1,0,0,0,1,0,0,0,530,280900,148877000,0.840268335512713,0.287932184560032
2018-07-16,3189,0,0,0,0,1,0,0,0,0,0,0,0,0,1,0,0,0,0,0,531,281961,149721291,0.831541971895263,0.837158266177538
2018-07-17,3498,0,0,0,0,1,0,0,0,0,0,0,0,0,0,0,0,0,1,0,532,283024,150568768,0.822605390580716,0.992655734253017
2018-07-18,3442,0,0,0,0,1,0,0,0,0,0,0,0,0,0,0,0,0,0,1,533,284089,151419437,0.813460850778596,0.681291699835611
2018-07-19,3201,0,0,0,0,1,0,0,0,0,0,0,0,0,0,0,0,1,0,0,534,285156,152273304,0.804110664271307,0.0495055335090648
2018-07-20,2925,0,0,0,0,1,0,0,0,0,0,0,0,1,0,0,0,0,0,0,535,286225,153130375,0.794557194829702,-0.605563858772138
2018-07-21,2379,0,0,0,0,1,0,0,0,0,0,0,1,0,0,1,0,0,0,0,536,287296,153990656,0.784802857615507,-0.975827106076452
2018-07-22,2255,0,0,0,0,1,0,0,0,0,0,0,1,0,0,0,1,0,0,0,537,288369,154854153,0.774850118570761,-0.887143617673887
2018-07-23,3274,0,0,0,0,1,0,0,0,0,0,0,0,0,1,0,0,0,0,0,538,289444,155720872,0.764701493794416,-0.381222623877901
2018-07-24,3435,0,0,0,0,1,0,0,0,0,0,0,0,0,0,0,0,0,1,0,539,290521,156590819,0.754359548906246,0.30399332669567
2018-07-25,3453,0,0,0,0,1,0,0,0,0,0,0,0,0,0,0,0,0,0,1,540,291600,157464000,0.743826898398259,0.846236465697545
2018-07-26,3271,0,0,0,0,1,0,0,0,0,0,0,0,0,0,0,0,1,0,0,541,292681,158340421,0.733106204973732,0.990481372072298
2018-07-27,3001,0,0,0,0,1,0,0,0,0,0,0,0,1,0,0,0,0,0,0,542,293764,159220088,0.722200178874071,0.668887412463106
2018-07-28,2308,0,0,0,0,1,0,0,0,0,0,0,1,0,0,1,0,0,0,0,543,294849,160103007,0.711111577193648,0.0327052511183984
2018-07-29,2379,0,0,0,0,1,0,0,0,0,0,0,1,0,0,0,1,0,0,0,544,295936,160989184,0.699843203182797,-0.618858700860936
2018-07-30,2986,0,0,0,0,1,0,0,0,0,0,0,0,0,1,0,0,0,0,0,545,297025,161878625,0.688397905539136,-0.97936373589145
2018-07-31,3330,0,0,0,0,1,0,0,0,0,0,0,0,0,0,0,0,0,1,0,546,298116,162771336,0.676778577687402,-0.879258702951683
2018-08-01,3301,1,0,0,0,0,0,0,0,0,0,0,0,0,0,0,0,0,0,1,547,299209,163667323,0.664988157047986,-0.365624563217537
2018-08-02,2891,1,0,0,0,0,0,0,0,0,0,0,0,0,0,0,0,1,0,0,548,300304,164566592,0.653029624294333,0.319968521639203
2018-08-03,2635,1,0,0,0,0,0,0,0,0,0,0,0,1,0,0,0,0,0,0,549,301401,165469149,0.640906002599417,0.855075411122967
2018-08-04,2400,1,0,0,0,0,0,0,0,0,0,0,1,0,0,1,0,0,0,0,550,302500,166375000,0.628620356871469,0.988026973833747
2018-08-05,2582,1,0,0,0,0,0,0,0,0,0,0,1,0,0,0,1,0,0,0,551,303601,167284151,0.616175792979151,0.656294012403172
2018-08-06,2429,1,0,0,0,0,0,0,0,0,0,0,0,0,1,0,0,0,0,0,552,304704,168196608,0.603575456966382,0.0158957220625732
2018-08-07,3124,1,0,0,0,0,0,0,0,0,0,0,0,0,0,0,0,0,1,0,553,305809,169112377,0.590822534256997,-0.631978574741562
2018-08-08,3273,1,0,0,0,0,0,0,0,0,0,0,0,0,0,0,0,0,0,1,554,306916,170031464,0.577920248849464,-0.982623472907122
2018-08-09,3265,1,0,0,0,0,0,0,0,0,0,0,0,0,0,0,0,1,0,0,555,308025,170953875,0.564871862501841,-0.871125197849152
2018-08-10,2865,1,0,0,0,0,0,0,0,0,0,0,0,1,0,0,0,0,0,0,556,309136,171879616,0.551680673907183,-0.349923130536036
2018-08-11,1683,1,0,0,0,0,0,0,0,0,0,0,1,0,0,1,0,0,0,0,557,310249,172808693,0.538350017859622,0.335853252767912
2018-08-12,2105,1,0,0,0,0,0,0,0,0,0,0,1,0,0,0,1,0,0,0,558,311364,173741112,0.524883264411314,0.863672603443281
2018-08-13,2917,1,0,0,0,0,0,0,0,0,0,0,0,0,1,0,0,0,0,0,559,312481,174676879,0.511283818020475,0.985293233462596
2018-08-14,3165,1,0,0,0,0,0,0,0,0,0,0,0,0,0,0,0,0,1,0,560,313600,175616000,0.497555116690715,0.643515060152966
2018-08-15,3078,1,0,0,0,0,0,0,0,0,0,0,0,0,0,0,0,0,0,1,561,314721,176558481,0.483700631101897,-0.00091830114677007
2018-08-16,3119,1,0,0,0,0,0,0,0,0,0,0,0,0,0,0,0,1,0,0,562,315844,177504328,0.469723863732734,-0.644919771068329
2018-08-17,2914,1,0,0,0,0,0,0,0,0,0,0,0,1,0,0,0,0,0,0,563,316969,178453547,0.455628347975344,-0.985605395507063
2018-08-18,2229,1,0,0,0,0,0,0,0,0,0,0,1,0,0,1,0,0,0,0,564,318096,179406144,0.441417647241993,-0.862745401929717
2018-08-19,1942,1,0,0,0,0,0,0,0,0,0,0,1,0,0,0,1,0,0,0,565,319225,180362125,0.427095354064246,-0.334122765056016
2018-08-20,2433,1,0,0,0,0,0,0,0,0,0,0,0,0,1,0,0,0,0,0,566,320356,181321496,0.41266508918476,0.351643029035715
2018-08-21,2239,1,0,0,0,0,0,0,0,0,0,0,0,0,0,0,0,0,1,0,567,321489,182284263,0.398130500641946,0.872025611998059
2018-08-22,2408,1,0,0,0,0,0,0,0,0,0,0,0,0,0,0,0,0,0,1,568,322624,183250432,0.383495262847718,0.982280923861678
2018-08-23,2471,1,0,0,0,0,0,0,0,0,0,0,0,0,0,0,0,1,0,0,569,323761,184220009,0.368763075658597,0.630554168670343
2018-08-24,2510,1,0,0,0,0,0,0,0,0,0,0,0,1,0,0,0,0,0,0,570,324900,185193000,0.353937663440361,-0.0177320647273709
2018-08-25,1383,1,0,0,0,0,0,0,0,0,0,0,1,0,0,1,0,0,0,0,571,326041,186169411,0.339022774126514,-0.657678631012604
2018-08-26,1522,1,0,0,0,0,0,0,0,0,0,0,1,0,0,0,1,0,0,0,572,327184,187149248,0.324022178270785,-0.988308660620535
2018-08-27,3116,1,0,0,0,0,0,0,0,0,0,0,0,0,1,0,0,0,0,0,573,328329,188132517,0.308939668093919,-0.854121684389836
2018-08-28,3412,1,0,0,0,0,0,0,0,0,0,0,0,0,0,0,0,0,1,0,574,329476,189119224,0.293779056524986,-0.318227933971146
2018-08-29,2638,1,0,0,0,0,0,0,0,0,0,0,0,0,0,0,0,0,0,1,575,330625,190109375,0.278544176237448,0.367333386242855
2018-08-30,2965,1,0,0,0,0,0,0,0,0,0,0,0,0,0,0,0,1,0,0,576,331776,191102976,0.263238878680249,0.880132075164303
2018-08-31,2565,1,0,0,0,0,0,0,0,0,0,0,0,1,0,0,0,0,0,0,577,332929,192100033,0.247867033104149,0.978990896692961
2018-09-01,2099,0,0,0,0,0,0,0,0,0,0,1,1,0,0,1,0,0,0,0,578,334084,193100552,0.232432525583557,0.617415002352205
2018-09-02,2210,0,0,0,0,0,0,0,0,0,0,1,1,0,0,0,1,0,0,0,579,335241,194104539,0.216939258034115,-0.0345408149703161
2018-09-03,2180,0,0,0,0,0,0,0,0,0,0,1,0,0,1,0,0,0,0,0,580,336400,195112000,0.201391147226275,-0.670251547297218
2018-09-04,3027,0,0,0,0,0,0,0,0,0,0,1,0,0,0,0,0,0,1,0,581,337561,196122941,0.185792123795121,-0.990732503960871
2018-09-05,3375,0,0,0,0,0,0,0,0,0,0,1,0,0,0,0,0,0,0,1,582,338724,197137368,0.170146131246683,-0.845256483389338
2018-09-06,3285,0,0,0,0,0,0,0,0,0,0,1,0,0,0,0,0,1,0,0,583,339889,198155287,0.154457124961008,-0.302243131182933
2018-09-07,2261,0,0,0,0,0,0,0,0,0,0,1,0,1,0,0,0,0,0,0,584,341056,199176704,0.138729071192215,0.382919888297999
2018-09-08,1270,0,0,0,0,0,0,0,0,0,0,1,1,0,0,1,0,0,0,0,585,342225,200201625,0.122965946065809,0.887989701024112
2018-09-09,751,0,0,0,0,0,0,0,0,0,0,1,1,0,0,0,1,0,0,0,586,343396,201230056,0.107171734573499,0.975424082136723
2018-09-10,2433,0,0,0,0,0,0,0,0,0,0,1,0,0,1,0,0,0,0,0,587,344569,202262003,0.0913504295657703,0.604101275998734
2018-09-11,2363,0,0,0,0,0,0,0,0,0,0,1,0,0,0,0,0,0,1,0,588,345744,203297472,0.0755060307424804,-0.0513397995842701
2018-09-12,2794,0,0,0,0,0,0,0,0,0,0,1,0,0,0,0,0,0,0,1,589,346921,204336469,0.059642543641704,-0.682634965216295
2018-09-13,2680,0,0,0,0,0,0,0,0,0,0,1,0,0,0,0,0,1,0,0,590,348100,205379000,0.0437639786271276,-0.992876240241551
2018-09-14,2249,0,0,0,0,0,0,0,0,0,0,1,0,1,0,0,0,0,0,0,591,349281,206425071,0.0278743498742026,-0.836152305361971
2018-09-15,901,0,0,0,0,0,0,0,0,0,0,1,1,0,0,1,0,0,0,0,592,350464,207474688,0.0119776743553456,-0.286172876030497
2018-09-16,935,0,0,0,0,0,0,0,0,0,0,1,1,0,0,0,1,0,0,0,593,351649,208527857,-0.00392202917557169,0.398398128472651
2018-09-17,2713,0,0,0,0,0,0,0,0,0,0,1,0,0,1,0,0,0,0,0,594,352836,209584584,-0.019820741199182,0.895596268012641
2018-09-18,3100,0,0,0,0,0,0,0,0,0,0,1,0,0,0,0,0,0,1,0,595,354025,210644875,-0.0357144424467738,0.971581488628575
2018-09-19,2788,0,0,0,0,0,0,0,0,0,0,1,0,0,0,0,0,0,0,1,596,355216,211708736,-0.0515991149163886,0.590616753762945
2018-09-20,2210,0,0,0,0,0,0,0,0,0,0,1,0,0,0,0,0,1,0,0,597,356409,212776173,-0.0674707428885798,-0.0681242690387362
2018-09-21,1889,0,0,0,0,0,0,0,0,0,0,1,0,1,0,0,0,0,0,0,598,357604,213847192,-0.0833253139416125,-0.694825383640434
2018-09-22,1228,0,0,0,0,0,0,0,0,0,0,1,1,0,0,1,0,0,0,0,599,358801,214921799,-0.0991588199658208,-0.994739263369941
2018-09-23,1656,0,0,0,0,0,0,0,0,0,0,1,1,0,0,0,1,0,0,0,600,360000,2.16e+08,-0.114967258176876,-0.826811724306801
2018-09-24,2484,0,0,0,0,0,0,0,0,0,0,1,0,0,1,0,0,0,0,0,601,361201,217081801,-0.130746632127711,-0.270021712012612
2018-09-25,2768,0,0,0,0,0,0,0,0,0,0,1,0,0,0,0,0,0,1,0,602,362404,218167208,-0.146492952718838,0.413763730646741
2018-09-26,3005,0,0,0,0,0,0,0,0,0,0,1,0,0,0,0,0,0,0,1,603,363609,219256227,-0.162202239206813,0.902949625546304
2018-09-27,2971,0,0,0,0,0,0,0,0,0,0,1,0,0,0,0,0,1,0,0,604,364816,220348864,-0.177870520210589,0.967464202574362
2018-09-28,2723,0,0,0,0,0,0,0,0,0,0,1,0,1,0,0,0,0,0,0,605,366025,221445125,-0.193493834715494,0.576965248086501
2018-09-29,1442,0,0,0,0,0,0,0,0,0,0,1,1,0,0,1,0,0,0,0,606,367236,222545016,-0.209068233074599,-0.0848894779071053
2018-09-30,578,0,0,0,0,0,0,0,0,0,0,1,1,0,0,0,1,0,0,0,607,368449,223648543,-0.224589778007204,-0.70681935600632
2018-10-01,1843,0,0,0,0,0,0,0,0,0,1,0,0,0,1,0,0,0,0,0,608,369664,224755712,-0.240054545594203,-0.996321046618679
2018-10-02,2456,0,0,0,0,0,0,0,0,0,1,0,0,0,0,0,0,0,1,0,609,370881,225866529,-0.255458626270068,-0.817237381060498
2018-10-03,2326,0,0,0,0,0,0,0,0,0,1,0,0,0,0,0,0,0,0,1,610,372100,226981000,-0.270798125811204,-0.253794205503194
2018-10-04,2408,0,0,0,0,0,0,0,0,0,1,0,0,0,0,0,0,1,0,0,611,373321,228099131,-0.286069166320434,0.429012350546078
2018-10-05,1209,0,0,0,0,0,0,0,0,0,1,0,0,1,0,0,0,0,0,0,612,374544,229220928,-0.30126788720734,0.910047694630644
2018-10-06,1581,0,0,0,0,0,0,0,0,0,1,0,1,0,0,1,0,0,0,0,613,375769,230346397,-0.316390446164243,0.963073388042951
2018-10-07,374,0,0,0,0,0,0,0,0,0,1,0,1,0,0,0,1,0,0,0,614,376996,231475544,-0.331433020137555,0.563150618621878
2018-10-08,376,0,0,0,0,0,0,0,0,0,1,0,0,0,1,0,0,0,0,0,615,378225,232608375,-0.346391806294269,-0.10163068620826
2018-10-09,2552,0,0,0,0,0,0,0,0,0,1,0,0,0,0,0,0,0,1,0,616,379456,233744896,-0.361263022983327,-0.718613491291331
2018-10-10,2587,0,0,0,0,0,0,0,0,0,1,0,0,0,0,0,0,0,0,1,617,380689,234885113,-0.37604291069164,-0.997621142774558
2018-10-11,2705,0,0,0,0,0,0,0,0,0,1,0,0,0,0,0,0,1,0,0,618,381924,236029032,-0.390727732994519,-0.807431982550572
2018-10-12,2441,0,0,0,0,0,0,0,0,0,1,0,0,1,0,0,0,0,0,0,619,383161,237176659,-0.405313777500247,-0.237494944460314
2018-10-13,1661,0,0,0,0,0,0,0,0,0,1,0,1,0,0,1,0,0,0,0,620,384400,238328000,-0.419797356788598,0.44413967697055
2018-10-14,1613,0,0,0,0,0,0,0,0,0,1,0,1,0,0,0,1,0,0,0,621,385641,239483061,-0.434174809343033,0.916888468448228
2018-10-15,2488,0,0,0,0,0,0,0,0,0,1,0,0,0,1,0,0,0,0,0,622,386884,240641848,-0.448442500476346,0.958410286437199
2018-10-16,2786,0,0,0,0,0,0,0,0,0,1,0,0,0,0,0,0,0,1,0,623,388129,241804367,-0.462596823249531,0.549176771140946
2018-10-17,2631,0,0,0,0,0,0,0,0,0,1,0,0,0,0,0,0,0,0,1,624,389376,242970624,-0.476634199383634,-0.118343160746642
2018-10-18,2553,0,0,0,0,0,0,0,0,0,1,0,0,0,0,0,0,1,0,0,625,390625,244140625,-0.49055108016436,-0.73020445497223
2018-10-19,2275,0,0,0,0,0,0,0,0,0,1,0,0,1,0,0,0,0,0,0,626,391876,245314376,-0.504343947339199,-0.998639184264989
2018-10-20,1308,0,0,0,0,0,0,0,0,0,1,0,1,0,0,1,0,0,0,0,627,393129,246491883,-0.518009314006863,-0.797398301030247
2018-10-21,1613,0,0,0,0,0,0,0,0,0,1,0,1,0,0,0,1,0,0,0,628,394384,247673152,-0.531543725498785,-0.221128537128841
2018-10-22,2346,0,0,0,0,0,0,0,0,0,1,0,0,0,1,0,0,0,0,0,629,395641,248858189,-0.544943760252482,0.45914143301296
2018-10-23,2237,0,0,0,0,0,0,0,0,0,1,0,0,0,0,0,0,0,1,0,630,396900,250047000,-0.558206030676536,0.923470012926003
2018-10-24,2281,0,0,0,0,0,0,0,0,0,1,0,0,0,0,0,0,0,0,1,631,398161,251239591,-0.571327184006995,0.953476216142921
2018-10-25,1799,0,0,0,0,0,0,0,0,0,1,0,0,0,0,0,0,1,0,0,632,399424,252435968,-0.584303903154972,0.535047656430989
2018-10-26,1889,0,0,0,0,0,0,0,0,0,1,0,0,1,0,0,0,0,0,0,633,400689,253636137,-0.597132907545213,-0.135022176450678
2018-10-27,943,0,0,0,0,0,0,0,0,0,1,0,1,0,0,1,0,0,0,0,634,401956,254840104,-0.609810953945445,-0.741588969967889
2018-10-28,777,0,0,0,0,0,0,0,0,0,1,0,1,0,0,0,1,0,0,0,635,403225,256047875,-0.622334837286281,-0.999374883261917
2018-10-29,1979,0,0,0,0,0,0,0,0,0,1,0,0,0,1,0,0,0,0,0,636,404496,257259456,-0.634701391471477,-0.787139173294537
2018-10-30,2071,0,0,0,0,0,0,0,0,0,1,0,0,0,0,0,0,0,1,0,637,405769,258474853,-0.646907490178334,-0.20469961073789
2018-10-31,1835,0,0,0,0,0,0,0,0,0,1,0,0,0,0,0,0,0,0,1,638,407044,259694072,-0.658950047648047,0.474013377268432
2018-11-01,1362,0,0,0,0,0,0,0,0,1,0,0,0,0,0,0,0,1,0,0,639,408321,260917119,-0.6708260194658,0.929790467282086
2018-11-02,1942,0,0,0,0,0,0,0,0,1,0,0,0,1,0,0,0,0,0,0,640,409600,262144000,-0.682532403330413,0.948272572156159
2018-11-03,441,0,0,0,0,0,0,0,0,1,0,0,1,0,0,1,0,0,0,0,641,410881,263374721,-0.694066239813328,0.520767269177515
2018-11-04,1166,0,0,0,0,0,0,0,0,1,0,0,1,0,0,0,1,0,0,0,642,412164,264609288,-0.705424613106773,-0.151663017708349
2018-11-05,2015,0,0,0,0,0,0,0,0,1,0,0,0,0,1,0,0,0,0,0,643,413449,265847707,-0.716604651760891,-0.752763817565958
2018-11-06,2221,0,0,0,0,0,0,0,0,1,0,0,0,0,0,0,0,0,1,0,644,414736,267089984,-0.727603529409655,-0.999828031763199
2018-11-07,2397,0,0,0,0,0,0,0,0,1,0,0,0,0,0,0,0,0,0,1,645,416025,268336125,-0.738418465485387,-0.776657499878277
2018-11-08,2211,0,0,0,0,0,0,0,0,1,0,0,0,0,0,0,0,1,0,0,646,417316,269586136,-0.749046725921698,-0.188212810192364
2018-11-09,1231,0,0,0,0,0,0,0,0,1,0,0,0,1,0,0,0,0,0,0,647,418609,270840023,-0.759485623844674,0.488751305033263
2018-11-10,1151,0,0,0,0,0,0,0,0,1,0,0,1,0,0,1,0,0,0,0,648,419904,272097792,-0.769732520252129,0.935848044551949
2018-11-11,1004,0,0,0,0,0,0,0,0,1,0,0,1,0,0,0,1,0,0,0,649,421201,273359449,-0.779784824680758,0.942800825688799
2018-11-12,1012,0,0,0,0,0,0,0,0,1,0,0,0,0,1,0,0,0,0,0,650,422500,274625000,-0.789639995861017,0.50633964683495
2018-11-13,1905,0,0,0,0,0,0,0,0,1,0,0,0,0,0,0,0,0,1,0,651,423801,275894451,-0.799295542359567,-0.16826097970065
2018-11-14,1648,0,0,0,0,0,0,0,0,1,0,0,0,0,0,0,0,0,0,1,652,425104,277167808,-0.808749023209126,-0.763725838332656
2018-11-15,1998,0,0,0,0,0,0,0,0,1,0,0,0,0,0,0,0,1,0,0,653,426409,278445077,-0.817998048525548,-0.999998501651417
2018-11-16,1883,0,0,0,0,0,0,0,0,1,0,0,0,1,0,0,0,0,0,0,654,427716,279726264,-0.827040280112005,-0.765956244235921
2018-11-17,1222,0,0,0,0,0,0,0,0,1,0,0,1,0,0,1,0,0,0,0,655,429025,281011375,-0.835873432050088,-0.171672796759821
2018-11-18,1044,0,0,0,0,0,0,0,0,1,0,0,1,0,0,0,1,0,0,0,656,430336,282300416,-0.844495271277701,0.503351049493913
2018-11-19,1975,0,0,0,0,0,0,0,0,1,0,0,0,0,1,0,0,0,0,0,657,431649,283593393,-0.85290361815359,0.941641032093507
2018-11-20,1998,0,0,0,0,0,0,0,0,1,0,0,0,0,0,0,0,0,1,0,658,432964,284890312,-0.861096347008363,0.937062523752544
2018-11-21,1704,0,0,0,0,0,0,0,0,1,0,0,0,0,0,0,0,0,0,1,659,434281,286191179,-0.869071386681874,0.491768868484943
2018-11-22,1625,0,0,0,0,0,0,0,0,1,0,0,0,0,0,0,0,1,0,0,660,435600,287496000,-0.876826721046817,-0.184811369731653
2018-11-23,1188,0,0,0,0,0,0,0,0,1,0,0,0,1,0,0,0,0,0,0,661,436921,288804781,-0.884360389518418,-0.774471933006181
2018-11-24,996,0,0,0,0,0,0,0,0,1,0,0,1,0,0,1,0,0,0,0,662,438244,290117528,-0.891670487550075,-0.999886244730089
2018-11-25,663,0,0,0,0,0,0,0,0,1,0,0,1,0,0,0,1,0,0,0,663,439569,291434247,-0.898755167114838,-0.755038431903903
2018-11-26,1254,0,0,0,0,0,0,0,0,1,0,0,0,0,1,0,0,0,0,0,664,440896,292754944,-0.905612637172599,-0.155084246752384
2018-11-27,1829,0,0,0,0,0,0,0,0,1,0,0,0,0,0,0,0,0,1,0,665,442225,294079625,-0.912241164122877,0.517808482904978
2018-11-28,1691,0,0,0,0,0,0,0,0,1,0,0,0,0,0,0,0,0,0,1,666,443556,295408296,-0.918639072243076,0.947167792071423
2018-11-29,1842,0,0,0,0,0,0,0,0,1,0,0,0,0,0,0,0,1,0,0,667,444889,296740963,-0.924804744112121,0.93105928872164
2018-11-30,1525,0,0,0,0,0,0,0,0,1,0,0,0,1,0,0,0,0,0,0,668,446224,298077632,-0.930736621019343,0.477059053683389
2018-12-01,835,0,1,0,0,0,0,0,0,0,0,0,1,0,0,1,0,0,0,0,669,447561,299418309,-0.936433203358538,-0.20130950855549
2018-12-02,887,0,1,0,0,0,0,0,0,0,0,0,1,0,0,0,1,0,0,0,670,448900,300763000,-0.941893051007062,-0.784999063372885
2018-12-03,1714,0,1,0,0,0,0,0,0,0,0,0,0,0,1,0,0,0,0,0,671,450241,302111711,-0.947114783689912,-0.999491292737304
2018-12-04,1721,0,1,0,0,0,0,0,0,0,0,0,0,0,0,0,0,0,1,0,672,451584,303464448,-0.952097081328659,-0.743907149645095
2018-12-05,1683,0,1,0,0,0,0,0,0,0,0,0,0,0,0,0,0,0,0,1,673,452929,304821217,-0.956838684375172,-0.138451850204955
2018-12-06,1518,0,1,0,0,0,0,0,0,0,0,0,0,0,0,0,0,1,0,0,674,454276,306182024,-0.96133839413004,0.532119517756409
2018-12-07,1401,0,1,0,0,0,0,0,0,0,0,0,0,1,0,0,0,0,0,0,675,455625,307546875,-0.965595073045604,0.952426761920121
2018-12-08,752,0,1,0,0,0,0,0,0,0,0,0,1,0,0,1,0,0,0,0,676,456976,308915776,-0.96960764501354,0.924792817874119
2018-12-09,352,0,1,0,0,0,0,0,0,0,0,0,1,0,0,0,1,0,0,0,677,458329,310288733,-0.9733750956369,0.462214361295529
2018-12-10,1499,0,1,0,0,0,0,0,0,0,0,0,0,0,1,0,0,0,0,0,678,459684,311665752,-0.976896472486556,-0.217750731698962
2018-12-11,957,0,1,0,0,0,0,0,0,0,0,0,0,0,0,0,0,0,1,0,679,461041,313046839,-0.980170885341983,-0.795304253126396
2018-12-12,1447,0,1,0,0,0,0,0,0,0,0,0,0,0,0,0,0,0,0,1,680,462400,314432000,-0.983197506416306,-0.998813757336748
2018-12-13,1157,0,1,0,0,0,0,0,0,0,0,0,0,0,0,0,0,1,0,0,681,463761,315821241,-0.98597557056557,-0.732565544576133
2018-12-14,1327,0,1,0,0,0,0,0,0,0,0,0,0,1,0,0,0,0,0,0,682,465124,317214568,-0.988504375482176,-0.12178030954899
2018-12-15,727,0,1,0,0,0,0,0,0,0,0,0,1,0,0,1,0,0,0,0,683,466489,318611987,-0.990783281872419,0.546280107928869
2018-12-16,313,0,1,0,0,0,0,0,0,0,0,0,1,0,0,0,1,0,0,0,684,467856,320013504,-0.992811713618114,0.957416454785643
2018-12-17,1464,0,1,0,0,0,0,0,0,0,0,0,0,0,1,0,0,0,0,0,685,469225,321419125,-0.994589157922233,0.918264882911968
2018-12-18,1157,0,1,0,0,0,0,0,0,0,0,0,0,0,0,0,0,0,1,0,686,470596,322828856,-0.99611516543855,0.447238988320168
2018-12-19,1321,0,1,0,0,0,0,0,0,0,0,0,0,0,0,0,0,0,0,1,687,471969,324242703,-0.997389350385231,-0.23413039078054
2018-12-20,964,0,1,0,0,0,0,0,0,0,0,0,0,0,0,0,0,1,0,0,688,473344,325660672,-0.998411390642367,-0.805384588708892
2018-12-21,1204,0,1,0,0,0,0,0,0,0,0,0,0,1,0,0,0,0,0,0,689,474721,327082769,-0.999181027833403,-0.997853830086126
2018-12-22,398,0,1,0,0,0,0,0,0,0,0,0,1,0,0,1,0,0,0,0,690,476100,328509000,-0.999698067390461,-0.721016823277677
2018-12-23,392,0,1,0,0,0,0,0,0,0,0,0,1,0,0,0,1,0,0,0,691,477481,329939371,-0.999962378603523,-0.105074338283051
2018-12-24,633,0,1,0,0,0,0,0,0,0,0,0,0,0,1,0,0,0,0,0,692,478864,331373888,-0.99997389465348,0.560286249837878
2018-12-25,336,0,1,0,0,0,0,0,0,0,0,0,0,0,0,0,0,0,1,0,693,480249,332812557,-0.999732612629021,0.962135459945911
2018-12-26,325,0,1,0,0,0,0,0,0,0,0,0,0,0,0,0,0,0,0,1,694,481636,334255384,-0.999238593527368,0.911477329460132
2018-12-27,959,0,1,0,0,0,0,0,0,0,0,0,0,0,0,0,0,1,0,0,695,483025,335702375,-0.99849196223886,0.432137168703125
2018-12-28,431,0,1,0,0,0,0,0,0,0,0,0,0,1,0,0,0,0,0,0,696,484416,337153536,-0.997492907515377,-0.250443854824532
2018-12-29,240,0,1,0,0,0,0,0,0,0,0,0,1,0,0,1,0,0,0,0,697,485809,338608873,-0.996241681922622,-0.815237220134985
2018-12-30,1014,0,1,0,0,0,0,0,0,0,0,0,1,0,0,0,1,0,0,0,698,487204,340068392,-0.994738601776272,-0.996611782383016
2018-12-31,947,0,1,0,0,0,0,0,0,0,0,0,0,0,1,0,0,0,0,0,699,488601,341532099,-0.992984047062015,-0.709264250887667
2019-01-01,605,0,0,0,1,0,0,0,0,0,0,0,0,0,0,0,0,0,1,0,700,490000,3.43e+08,-0.990978461339483,-0.088338659640229
2019-01-02,1077,0,0,0,1,0,0,0,0,0,0,0,0,0,0,0,0,0,0,1,701,491401,344472101,-0.98872235163012,0.574133983565687
2019-01-03,713,0,0,0,1,0,0,0,0,0,0,0,0,0,0,0,0,1,0,0,702,492804,345948408,-0.986216288289007,0.966582443209654
2019-01-04,1399,0,0,0,1,0,0,0,0,0,0,0,0,1,0,0,0,0,0,0,703,494209,347428927,-0.983460904860668,0.90443207654484
2019-01-05,775,0,0,0,1,0,0,0,0,0,0,0,1,0,0,1,0,0,0,0,704,495616,348913664,-0.980456897918914,0.416913172139974
2019-01-06,698,0,0,0,1,0,0,0,0,0,0,0,1,0,0,0,1,0,0,0,705,497025,350402625,-0.977205026890739,-0.266686511570329
2019-01-07,1786,0,0,0,1,0,0,0,0,0,0,0,0,0,1,0,0,0,0,0,706,498436,351895816,-0.97370611386434,-0.824859361797452
2019-01-08,1417,0,0,0,1,0,0,0,0,0,0,0,0,0,0,0,0,0,1,0,707,499849,353393243,-0.969961043381282,-0.995087965388128
2019-01-09,1479,0,0,0,1,0,0,0,0,0,0,0,0,0,0,0,0,0,0,1,708,501264,354894912,-0.965970762212888,-0.697311150178417
2019-01-10,1690,0,0,0,1,0,0,0,0,0,0,0,0,0,0,0,0,1,0,0,709,502681,356400829,-0.961736279120888,-0.0715780052525284
2019-01-11,1680,0,0,0,1,0,0,0,0,0,0,0,0,1,0,0,0,0,0,0,710,504100,357911000,-0.9572586646024,0.587819393980808
2019-01-12,1243,0,0,0,1,0,0,0,0,0,0,0,1,0,0,1,0,0,0,0,711,505521,359425431,-0.952539050619302,0.970756147293597
2019-01-13,1415,0,0,0,1,0,0,0,0,0,0,0,1,0,0,0,1,0,0,0,712,506944,360944128,-0.947578630312068,0.897131116050957
2019-01-14,1849,0,0,0,1,0,0,0,0,0,0,0,0,0,1,0,0,0,0,0,713,508369,362467097,-0.942378657698137,0.401571302869192
2019-01-15,1853,0,0,0,1,0,0,0,0,0,0,0,0,0,0,0,0,0,1,0,714,509796,363994344,-0.93694044735489,-0.282853768776642
2019-01-16,1732,0,0,0,1,0,0,0,0,0,0,0,0,0,0,0,0,0,0,1,715,511225,365525875,-0.93126537408732,-0.834248293254772
2019-01-17,1594,0,0,0,1,0,0,0,0,0,0,0,0,0,0,0,0,1,0,0,716,512656,367061696,-0.925354872580474,-0.993282809926025
2019-01-18,1370,0,0,0,1,0,0,0,0,0,0,0,0,1,0,0,0,0,0,0,717,514089,368601813,-0.919210437036758,-0.685160900617019
2019-01-19,723,0,0,0,1,0,0,0,0,0,0,0,1,0,0,1,0,0,0,0,718,515524,370146232,-0.912833620798198,-0.0547971138134469
2019-01-20,973,0,0,0,1,0,0,0,0,0,0,0,1,0,0,0,1,0,0,0,719,516961,371694959,-0.906226035953743,0.601338611845111
2019-01-21,1603,0,0,0,1,0,0,0,0,0,0,0,0,0,1,0,0,0,0,0,720,518400,373248000,-0.899389352931725,0.974655392177921
2019-01-22,1316,0,0,0,1,0,0,0,0,0,0,0,0,0,0,0,0,0,1,0,721,519841,374805361,-0.892325300077567,0.889576512158841
2019-01-23,1740,0,0,0,1,0,0,0,0,0,0,0,0,0,0,0,0,0,0,1,722,521284,376367048,-0.885035663216847,0.386115898455028
2019-01-24,1770,0,0,0,1,0,0,0,0,0,0,0,0,0,0,0,0,1,0,0,723,522729,377933067,-0.877522285203836,-0.298941055519517
2019-01-25,1638,0,0,0,1,0,0,0,0,0,0,0,0,1,0,0,0,0,0,0,724,524176,379503424,-0.869787065455612,-0.843401360000395
2019-01-26,1055,0,0,0,1,0,0,0,0,0,0,0,1,0,0,1,0,0,0,0,725,525625,381078125,-0.861831959471883,-0.991196826363324
2019-01-27,955,0,0,0,1,0,0,0,0,0,0,0,1,0,0,0,1,0,0,0,726,527076,382657176,-0.853658978340622,-0.672816937409913
2019-01-28,1861,0,0,0,1,0,0,0,0,0,0,0,0,0,1,0,0,0,0,0,727,528529,384240583,-0.845270188229659,-0.0380007297379913
2019-01-29,2053,0,0,0,1,0,0,0,0,0,0,0,0,0,0,0,0,0,1,0,728,529984,385828352,-0.836667709864345,0.614687814907489
2019-01-30,1893,0,0,0,1,0,0,0,0,0,0,0,0,0,0,0,0,0,0,1,729,531441,387420489,-0.827853717991417,0.978279075439934
2019-01-31,1757,0,0,0,1,0,0,0,0,0,0,0,0,0,0,0,0,1,0,0,730,532900,389017000,-0.818830440829217,0.881770400760777
2019-02-01,1121,0,0,1,0,0,0,0,0,0,0,0,0,1,0,0,0,0,0,0,731,534361,390617891,-0.809600159504386,0.370551328561212
2019-02-02,942,0,0,1,0,0,0,0,0,0,0,0,1,0,0,1,0,0,0,0,732,535824,392223168,-0.800165207475186,-0.314943823484884
2019-02-03,407,0,0,1,0,0,0,0,0,0,0,0,1,0,0,0,1,0,0,0,733,537289,393832837,-0.790527969941588,-0.852315974213083
2019-02-04,507,0,0,1,0,0,0,0,0,0,0,0,0,0,1,0,0,0,0,0,734,538756,395446904,-0.780690883242284,-0.988830604464371
2019-02-05,965,0,0,1,0,0,0,0,0,0,0,0,0,0,0,0,0,0,1,0,735,540225,397065375,-0.770656434238771,-0.660282750531664
2019-02-06,1240,0,0,1,0,0,0,0,0,0,0,0,0,0,0,0,0,0,0,1,736,541696,398688256,-0.760427159686656,-0.0211936018214152
2019-02-07,1102,0,0,1,0,0,0,0,0,0,0,0,0,0,0,0,0,1,0,0,737,543169,400315553,-0.750005645594359,0.627863228984695
2019-02-08,559,0,0,1,0,0,0,0,0,0,0,0,0,1,0,0,0,0,0,0,738,544644,401947272,-0.739394526569352,0.98162617256569
2019-02-09,79,0,0,1,0,0,0,0,0,0,0,0,1,0,0,1,0,0,0,0,739,546121,403583419,-0.72859648515212,0.873714988856988
2019-02-10,133,0,0,1,0,0,0,0,0,0,0,0,1,0,0,0,1,0,0,0,740,547600,405224000,-0.717614251138004,0.354881993715524
2019-02-11,125,0,0,1,0,0,0,0,0,0,0,0,0,0,1,0,0,0,0,0,741,549081,406869021,-0.706450600887092,-0.330857548254379
2019-02-12,25,0,0,1,0,0,0,0,0,0,0,0,0,0,0,0,0,0,1,0,742,550564,408518488,-0.695108356622347,-0.860989615488536
2019-02-13,83,0,0,1,0,0,0,0,0,0,0,0,0,0,0,0,0,0,0,1,743,552049,410172407,-0.683590385716132,-0.986184813224535
2019-02-14,86,0,0,1,0,0,0,0,0,0,0,0,0,0,0,0,0,1,0,0,744,553536,411830784,-0.671899599965326,-0.647561883738289
2019-02-15,223,0,0,1,0,0,0,0,0,0,0,0,0,1,0,0,0,0,0,0,745,555025,413493625,-0.660038954855211,-0.00438048189632166
2019-02-16,245,0,0,1,0,0,0,0,0,0,0,0,1,0,0,1,0,0,0,0,746,556516,415160936,-0.648011448812306,0.640861129028317
2019-02-17,524,0,0,1,0,0,0,0,0,0,0,0,1,0,0,0,1,0,0,0,747,558009,416832723,-0.635820122446356,0.984695737239647
2019-02-18,536,0,0,1,0,0,0,0,0,0,0,0,0,0,1,0,0,0,0,0,748,559504,418508992,-0.623468057781646,0.865412553931793
2019-02-19,974,0,0,1,0,0,0,0,0,0,0,0,0,0,0,0,0,0,1,0,749,561001,420189749,-0.610958377477858,0.339112324065704
2019-02-20,1312,0,0,1,0,0,0,0,0,0,0,0,0,0,0,0,0,0,0,1,750,562500,421875000,-0.598294244040642,-0.34667773058479
2019-02-21,1473,0,0,1,0,0,0,0,0,0,0,0,0,0,0,0,0,1,0,0,751,564001,423564751,-0.585478859022123,-0.869419831552215
2019-02-22,1158,0,0,1,0,0,0,0,0,0,0,0,0,1,0,0,0,0,0,0,752,565504,425259008,-0.572515462211533,-0.983260200681081
2019-02-23,723,0,0,1,0,0,0,0,0,0,0,0,1,0,0,1,0,0,0,0,753,567009,426957777,-0.559407330816175,-0.634657933565133
2019-02-24,577,0,0,1,0,0,0,0,0,0,0,0,1,0,0,0,1,0,0,0,754,568516,428661064,-0.546157778632935,0.0124338765101848
2019-02-25,1226,0,0,1,0,0,0,0,0,0,0,0,0,0,1,0,0,0,0,0,755,570025,430368875,-0.532770155210531,0.65367784017817
2019-02-26,1321,0,0,1,0,0,0,0,0,0,0,0,0,0,0,0,0,0,1,0,756,571536,432081216,-0.519247845002737,0.987486901612302
2019-02-27,1351,0,0,1,0,0,0,0,0,0,0,0,0,0,0,0,0,0,0,1,757,573049,433798093,-0.505594266512777,0.85686544330973
2019-02-28,1483,0,0,1,0,0,0,0,0,0,0,0,0,0,0,0,0,1,0,0,758,574564,435519512,-0.491812871429111,0.323246778126661
2019-03-01,1485,0,0,0,0,0,0,1,0,0,0,0,0,1,0,0,0,0,0,0,759,576081,437245479,-0.477907143752829,-0.362399897679525
2019-03-02,990,0,0,0,0,0,0,1,0,0,0,0,1,0,0,1,0,0,0,0,760,577600,438976000,-0.463880598916882,-0.877604238952512
2019-03-03,1084,0,0,0,0,0,0,1,0,0,0,0,1,0,0,0,1,0,0,0,761,579121,440711081,-0.449736782897366,-0.980057593701603
2019-03-04,1706,0,0,0,0,0,0,1,0,0,0,0,0,0,1,0,0,0,0,0,762,580644,442450728,-0.435479271317076,-0.621574548310498
2019-03-05,1781,0,0,0,0,0,0,1,0,0,0,0,0,0,0,0,0,0,1,0,763,582169,444194947,-0.42111166854158,0.0292447195213015
2019-03-06,1610,0,0,0,0,0,0,1,0,0,0,0,0,0,0,0,0,0,0,1,764,583696,445943744,-0.406637606768013,0.666309738800798
2019-03-07,1621,0,0,0,0,0,0,1,0,0,0,0,0,0,0,0,0,1,0,0,765,585225,447697125,-0.392060745106843,0.989998876545491
2019-03-08,1296,0,0,0,0,0,0,1,0,0,0,0,0,1,0,0,0,0,0,0,766,586756,449455096,-0.37738476865683,0.848076073491683
2019-03-09,1073,0,0,0,0,0,0,1,0,0,0,0,1,0,0,1,0,0,0,0,767,588289,451217663,-0.362613387573416,0.307289841520514
2019-03-10,1256,0,0,0,0,0,0,1,0,0,0,0,1,0,0,0,1,0,0,0,768,589824,452984832,-0.347750336130778,-0.378019604453888
2019-03-11,1469,0,0,0,0,0,0,1,0,0,0,0,0,0,1,0,0,0,0,0,769,591361,454756609,-0.332799371777794,-0.885540523734458
2019-03-12,NA,0,0,0,0,0,0,1,0,0,0,0,0,0,0,0,0,0,1,0,770,592900,456533000,-0.317764274188128,-0.976577897750288
2019-03-13,NA,0,0,0,0,0,0,1,0,0,0,0,0,0,0,0,0,0,0,1,771,594441,458314011,-0.302648844304727,-0.608315427003611
2019-03-14,NA,0,0,0,0,0,0,1,0,0,0,0,0,0,0,0,0,1,0,0,772,595984,460099648,-0.287456903378914,0.0460472942536696
2019-03-15,NA,0,0,0,0,0,0,1,0,0,0,0,0,1,0,0,0,0,0,0,773,597529,461889917,-0.272192292004361,0.678753253514543
2019-03-16,NA,0,0,0,0,0,0,1,0,0,0,0,1,0,0,1,0,0,0,0,774,599076,463684824,-0.256858869146172,0.992230951835456
2019-03-17,NA,0,0,0,0,0,0,1,0,0,0,0,1,0,0,0,1,0,0,0,775,600625,465484375,-0.241460511165311,0.839046929471799
2019-03-18,NA,0,0,0,0,0,0,1,0,0,0,0,0,0,1,0,0,0,0,0,776,602176,467288576,-0.22600111083865,0.291246025707693
2019-03-19,NA,0,0,0,0,0,0,1,0,0,0,0,0,0,0,0,0,0,1,0,777,603729,469097433,-0.210484576374846,-0.393532434791506
2019-03-20,NA,0,0,0,0,0,0,1,0,0,0,0,0,0,0,0,0,0,0,1,778,605284,470910952,-0.194914830426334,-0.89322644209427
2019-03-21,NA,0,0,0,0,0,0,1,0,0,0,0,0,0,0,0,0,1,0,0,779,606841,472729139,-0.179295809097665,-0.972822096631992
2019-03-22,NA,0,0,0,0,0,0,1,0,0,0,0,0,1,0,0,0,0,0,0,780,608400,474552000,-0.163631460950433,-0.594884318359063
2019-03-23,NA,0,0,0,0,0,0,1,0,0,0,0,1,0,0,1,0,0,0,0,781,609961,476379541,-0.147925746005064,0.0628368501619384
2019-03-24,NA,0,0,0,0,0,0,1,0,0,0,0,1,0,0,0,1,0,0,0,782,611524,478211768,-0.132182634739705,0.691004866199
2019-03-25,NA,0,0,0,0,0,0,1,0,0,0,0,0,0,1,0,0,0,0,0,783,613089,480048687,-0.116406107086467,0.994182496413745
2019-03-26,NA,0,0,0,0,0,0,1,0,0,0,0,0,0,0,0,0,0,1,0,784,614656,481890304,-0.100600151425277,0.829780564035108
